Transaction Hash,Status,Method,Blockno,DateTime (UTC),From,From_Nametag,To,To_Nametag,Amount,Value (USD),Txn Fee
"0xdd2b3a92b6fa0e742e57a0566b2b0d316cc3d8965ce50ddf1e1e90fb2e7fdd78","Success","Transfer From","50451188","2026-08-25 21:02:03","0xbB0A533F4e8bFbc7a867b1d2D851472b74E12177","","0xeBf418Fe2512e7E6bd9b87a8F0f294aCDC67e6B4","Aerodrome: Voting Escrow","0 ETH","$0.00","0.00000098"
"0x4f43a44b3a31ce0b30255cadcd2efdd165f8bdd3e0dd1f820532986f4da79e2d","Success","Transfer From","50451114","2026-08-25 20:59:35","0xbB0A533F4e8bFbc7a867b1d2D851472b74E12177","","0xeBf418Fe2512e7E6bd9b87a8F0f294aCDC67e6B4","Aerodrome: Voting Escrow","0 ETH","$0.00","0.00000091"
"0x0828b09c943823d54ba474abea75271d778a146376e78177f83c9cb8e04b442b","Success","Transfer From","50451049","2026-08-25 20:57:25","0xbB0A533F4e8bFbc7a867b1d2D851472b74E12177","","0xeBf418Fe2512e7E6bd9b87a8F0f294aCDC67e6B4","Aerodrome: Voting Escrow","0 ETH","$0.00","0.00000091"
"0x0893687069c7ffe959a8728d4760f8fa2ba96a4b83fc126c2d63879f224257b9","Success","Increase Amount","50451025","2026-08-25 20:56:37","0x1334752203935d80bcA8A89A378bbE36b88961aF","","0xeBf418Fe2512e7E6bd9b87a8F0f294aCDC67e6B4","Aerodrome: Voting Escrow","0 ETH","$0.00","0.00000162"
"0xd9e88a852f24765d8cd6d97fcfdaac7ab01752b2b6378a363a4900f48291f345","Success","Increase Amount","50451009","2026-08-25 20:56:05","0x1334752203935d80bcA8A89A378bbE36b88961aF","","0xeBf418Fe2512e7E6bd9b87a8F0f294aCDC67e6B4","Aerodrome: Voting Escrow","0 ETH","$0.00","0.00000162"
"0xaef461b038cf3c2b6b100b84b37663afd1cfe1763b3bd690e1968304ea535a7d","Success","Increase Amount","50450992","2026-08-25 20:55:31","0x1334752203935d80bcA8A89A378bbE36b88961aF","","0xeBf418Fe2512e7E6bd9b87a8F0f294aCDC67e6B4","Aerodrome: Voting Escrow","0 ETH","$0.00","0.00000163"
"0x21a1c7f2c0422488524d6ba811d7b7e7cdd84987eeae8a3dbfa9c595d436ee70","Success","Increase Amount","50450978","2026-08-25 20:55:03","0x1334752203935d80bcA8A89A378bbE36b88961aF","","0xeBf418Fe2512e7E6bd9b87a8F0f294aCDC67e6B4","Aerodrome: Voting Escrow","0 ETH","$0.00","0.00000163"
"0x0e1710beac80dbefd528d2c86ed21bd7a8f1628290431f07fdfb968a00b13d70","Success","Transfer From","50450975","2026-08-25 20:54:57","0xbB0A533F4e8bFbc7a867b1d2D851472b74E12177","","0xeBf418Fe2512e7E6bd9b87a8F0f294aCDC67e6B4","Aerodrome: Voting Escrow","0 ETH","$0.00","0.00000097"
"0x13ba4dbf72de712d2911f8b44c18daa69e0dc898ddd08900f8e7a1f89f6a54bc","Success","Increase Amount","50450950","2026-08-25 20:54:07","0x1334752203935d80bcA8A89A378bbE36b88961aF","","0xeBf418Fe2512e7E6bd9b87a8F0f294aCDC67e6B4","Aerodrome: Voting Escrow","0 ETH","$0.00","0.00000163"
"0x30a21b8d77d34931827a99c82790f6fa7fa6cdbdd8efec1c84f3b76448a17fe0","Success","Increase Amount","50450931","2026-08-25 20:53:29","0x1334752203935d80bcA8A89A378bbE36b88961aF","","0xeBf418Fe2512e7E6bd9b87a8F0f294aCDC67e6B4","Aerodrome: Voting Escrow","0 ETH","$0.00","0.00000163"
"0xf2b5c1b464f2408c007399cd7c4f1cf8c4ad92f6d28b2fe62db1679c395a0801","Success","Increase Amount","50450915","2026-08-25 20:52:57","0x1334752203935d80bcA8A89A378bbE36b88961aF","","0xeBf418Fe2512e7E6bd9b87a8F0f294aCDC67e6B4","Aerodrome: Voting Escrow","0 ETH","$0.00","0.00000163"
"0x6b8159b781ce2b02545442b1c635c4af229370ea1b943be63f5cea00a720bcb6","Success","Increase Amount","50450900","2026-08-25 20:52:27","0x1334752203935d80bcA8A89A378bbE36b88961aF","","0xeBf418Fe2512e7E6bd9b87a8F0f294aCDC67e6B4","Aerodrome: Voting Escrow","0 ETH","$0.00","0.00000162"
"0x23c80899d9cff449d575a41d2617a4a14d242724c2f15270479258a6e5769c2c","Success","Transfer From","50450896","2026-08-25 20:52:19","0xbB0A533F4e8bFbc7a867b1d2D851472b74E12177","","0xeBf418Fe2512e7E6bd9b87a8F0f294aCDC67e6B4","Aerodrome: Voting Escrow","0 ETH","$0.00","0.00000091"
"0x04eb5c42b78704ebdb25e9b45770308c1e2416b2a365592339421e57e5edeaba","Success","Increase Amount","50450884","2026-08-25 20:51:55","0x1334752203935d80bcA8A89A378bbE36b88961aF","","0xeBf418Fe2512e7E6bd9b87a8F0f294aCDC67e6B4","Aerodrome: Voting Escrow","0 ETH","$0.00","0.00000162"
"0x393ff46de42a30725b4f390a357fdd3c757e40054cf298639fbe71c403cdf50a","Success","Transfer From","50450750","2026-08-25 20:47:27","0xbB0A533F4e8bFbc7a867b1d2D851472b74E12177","","0xeBf418Fe2512e7E6bd9b87a8F0f294aCDC67e6B4","Aerodrome: Voting Escrow","0 ETH","$0.00","0.00000097"
"0x435774fb63c5610a12cad0c2da542a3f89b3d878eeb4317866bd0d47dddd2da4","Success","Transfer From","50450663","2026-08-25 20:44:33","0xbB0A533F4e8bFbc7a867b1d2D851472b74E12177","","0xeBf418Fe2512e7E6bd9b87a8F0f294aCDC67e6B4","Aerodrome: Voting Escrow","0 ETH","$0.00","0.00000089"
"0x71f83fab3d5098bf524a1dccf3070a4d0202267e0e152b54af49d64267d2622b","Success","Transfer From","50450575","2026-08-25 20:41:37","0xbB0A533F4e8bFbc7a867b1d2D851472b74E12177","","0xeBf418Fe2512e7E6bd9b87a8F0f294aCDC67e6B4","Aerodrome: Voting Escrow","0 ETH","$0.00","0.00000097"
"0x635031cc7e9ad80f9d6532a73fb6d07f250918459d2e5688fcddea6abe16b102","Success","Transfer From","50450496","2026-08-25 20:38:59","0xbB0A533F4e8bFbc7a867b1d2D851472b74E12177","","0xeBf418Fe2512e7E6bd9b87a8F0f294aCDC67e6B4","Aerodrome: Voting Escrow","0 ETH","$0.00","0.00000098"
"0x1bbb3853a7150bfc907759070efe3499fae6aa5b1b45db56cc53569fd01090d5","Success","Transfer From","50450369","2026-08-25 20:34:45","0xbB0A533F4e8bFbc7a867b1d2D851472b74E12177","","0xeBf418Fe2512e7E6bd9b87a8F0f294aCDC67e6B4","Aerodrome: Voting Escrow","0 ETH","$0.00","0.00000105"
"0xd94e528fd04786e1f37b3077da4179779ee701927806ff36087dbfbd49713cd6","Success","Transfer From","50450151","2026-08-25 20:27:29","0xbB0A533F4e8bFbc7a867b1d2D851472b74E12177","","0xeBf418Fe2512e7E6bd9b87a8F0f294aCDC67e6B4","Aerodrome: Voting Escrow","0 ETH","$0.00","0.00000102"
"0x5ac68fc536009bbc9132c352291fccf16c4a8422d245e1900cbc438c1e8cee0e","Success","Create Lock","50450098","2026-08-25 20:25:43","0xbB0A533F4e8bFbc7a867b1d2D851472b74E12177","","0xeBf418Fe2512e7E6bd9b87a8F0f294aCDC67e6B4","Aerodrome: Voting Escrow","0 ETH","$0.00","0.00000279"
"0xa222e131af31c7055aa4b58e6b9e22501d8c033c7f08485290a5c5ad5378502f","Success","Set Approval For All","50450023","2026-08-25 20:23:13","0xD939911DFd2e19976508F1A049fCA1aF5C265a9a","vikolotinnio.base.eth","0xeBf418Fe2512e7E6bd9b87a8F0f294aCDC67e6B4","Aerodrome: Voting Escrow","0 ETH","$0.00","0.0000003"
"0x753e8ca992410595662df9a64670094c697169f8c08d44ee781a1d4bbe85baae","Success","Increase Amount","50449962","2026-08-25 20:21:11","0x161Dd2fcC22Cc022e1f53CE3E55BeE41eC44CF4f","","0xeBf418Fe2512e7E6bd9b87a8F0f294aCDC67e6B4","Aerodrome: Voting Escrow","0 ETH","$0.00","0.0000016"
"0x910e3ff14c4f64127c95d216ee230c8594a05953f51ea31d9d8320967b72b6f5","Success","Transfer From","50449578","2026-08-25 20:08:23","0x20D85bBf774eB5DE93fF5B954881b662c4E2af10","","0xeBf418Fe2512e7E6bd9b87a8F0f294aCDC67e6B4","Aerodrome: Voting Escrow","0 ETH","$0.00","0.000001"
"0xd8545d2c96cf73a3043da3da62ee50e34062dae626a02ea378b5e03393cffbbf","Success","Transfer From","50449511","2026-08-25 20:06:09","0xa3Ee15dD3ac9239b746db12AAec3Cbc6641da708","","0xeBf418Fe2512e7E6bd9b87a8F0f294aCDC67e6B4","Aerodrome: Voting Escrow","0 ETH","$0.00","0.00000134"