timeOpen;timeClose;timeHigh;timeLow;name;open;high;low;close;volume;marketCap;circulatingSupply;timestamp
"2026-08-17T00:00:00.000Z";"2026-08-23T23:59:59.999Z";"2026-08-22T05:08:00.000Z";"2026-08-17T16:17:00.000Z";"2781";0.3308065463;0.3499959047;0.3283212859;0.3439630224;4143623013.83;32648016314.23;94917217293.38;"2026-08-23T23:59:59.999Z"
"2026-08-10T00:00:00.000Z";"2026-08-16T23:59:59.999Z";"2026-08-13T06:25:00.000Z";"2026-08-10T07:13:00.000Z";"2781";0.3295881287;0.3379029054;0.3294653491;0.3308066744;3247939443.98;31395821301.46;94906892415.5;"2026-08-16T23:59:59.999Z"
"2026-08-03T00:00:00.000Z";"2026-08-09T23:59:59.999Z";"2026-08-04T17:02:00.000Z";"2026-08-03T08:05:00.000Z";"2781";0.3264067262;0.3308868742;0.3252169135;0.3295881287;2879232347.77;31277071181.41;94897444592.78;"2026-08-09T23:59:59.999Z"
"2026-07-27T00:00:00.000Z";"2026-08-02T23:59:59.999Z";"2026-07-27T00:24:00.000Z";"2026-07-28T02:07:00.000Z";"2781";0.3320993859;0.3321084292;0.3232691943;0.3264069104;3054268903.16;30972949185.97;94890658489.76;"2026-08-02T23:59:59.999Z"
"2026-07-20T00:00:00.000Z";"2026-07-26T23:59:59.999Z";"2026-07-25T17:26:00.000Z";"2026-07-20T15:09:00.000Z";"2781";0.3270449454;0.3330791933;0.3251081496;0.3320972013;2774217077.28;31510757355;94883515885.77;"2026-07-26T23:59:59.999Z"
"2026-07-13T00:00:00.000Z";"2026-07-19T23:59:59.999Z";"2026-07-13T00:21:00.000Z";"2026-07-17T03:58:00.000Z";"2781";0.331302573;0.3319378789;0.3214569006;0.3270451014;3103087768.02;31027953312.78;94873667212.42;"2026-07-19T23:59:59.999Z"
"2026-07-06T00:00:00.000Z";"2026-07-12T23:59:59.999Z";"2026-07-10T06:10:00.000Z";"2026-07-06T11:19:00.000Z";"2781";0.3289977881;0.3331714926;0.32624587;0.3313043664;3217275296.5;31429231107.15;94865641472.35;"2026-07-12T23:59:59.999Z"
"2026-06-29T00:00:00.000Z";"2026-07-05T23:59:59.999Z";"2026-07-05T15:17:00.000Z";"2026-07-01T01:23:00.000Z";"2781";0.3216322045;0.3299296478;0.3140342068;0.3289977881;3762338838.72;31207795318.25;94857158451.75;"2026-07-05T23:59:59.999Z"
"2026-06-22T00:00:00.000Z";"2026-06-28T23:59:59.999Z";"2026-06-23T00:04:00.000Z";"2026-06-26T13:24:00.000Z";"2781";0.3272695221;0.3338319909;0.318508407;0.3216322045;4396717667.17;30506300026.16;94848400139.61;"2026-06-28T23:59:59.999Z"
"2026-06-15T00:00:00.000Z";"2026-06-21T23:59:59.999Z";"2026-06-21T23:26:00.000Z";"2026-06-16T21:22:00.000Z";"2781";0.3201442448;0.3278880393;0.3159990864;0.3272695221;3455699374.56;31037902911.09;94838965487.23;"2026-06-21T23:59:59.999Z"
"2026-06-08T00:00:00.000Z";"2026-06-14T23:59:59.999Z";"2026-06-08T11:49:00.000Z";"2026-06-12T12:22:00.000Z";"2781";0.3265569697;0.3277870246;0.3117585147;0.3201440095;3429237283.73;30359584285.38;94830954418.75;"2026-06-14T23:59:59.999Z"
"2026-06-01T00:00:00.000Z";"2026-06-07T23:59:59.999Z";"2026-06-01T05:58:00.000Z";"2026-06-06T10:52:00.000Z";"2781";0.3508580213;0.3520874065;0.3184378781;0.3265569697;5180497697.22;30965104393.85;94822978114.76;"2026-06-07T23:59:59.999Z"
"2026-05-25T00:00:00.000Z";"2026-05-31T23:59:59.999Z";"2026-05-26T12:10:00.000Z";"2026-05-29T08:34:00.000Z";"2781";0.3651052791;0.3763320476;0.340667638;0.3508580213;6463921972.13;33267032404.26;94816223040.33;"2026-05-31T23:59:59.999Z"
"2026-05-18T00:00:00.000Z";"2026-05-24T23:59:59.999Z";"2026-05-24T18:51:00.000Z";"2026-05-18T15:26:00.000Z";"2781";0.3554245846;0.3674602213;0.3540226134;0.3651055071;5126617434.16;34615124628.15;94808611679.57;"2026-05-24T23:59:59.999Z"
"2026-05-11T00:00:00.000Z";"2026-05-17T23:59:59.999Z";"2026-05-17T15:29:00.000Z";"2026-05-12T17:04:00.000Z";"2781";0.3506762059;0.357319429;0.3472717911;0.3554245846;4854298578.34;33695042553.55;94802228120.27;"2026-05-17T23:59:59.999Z"
"2026-05-04T00:00:00.000Z";"2026-05-10T23:59:59.999Z";"2026-05-09T12:23:00.000Z";"2026-05-04T13:45:00.000Z";"2781";0.3385389395;0.3532836567;0.3375494963;0.3506762059;5159621026.79;33243290406.81;94797679020.04;"2026-05-10T23:59:59.999Z"
"2026-04-27T00:00:00.000Z";"2026-05-03T23:59:59.999Z";"2026-05-03T05:46:00.000Z";"2026-04-29T05:01:00.000Z";"2781";0.3235306411;0.3430531106;0.32172504;0.3385389395;4993491160.24;32090515310.34;94791208814.34;"2026-05-03T23:59:59.999Z"
"2026-04-20T00:00:00.000Z";"2026-04-26T23:59:59.999Z";"2026-04-21T21:13:00.000Z";"2026-04-24T16:07:00.000Z";"2781";0.3292046231;0.3354924945;0.3214716533;0.3235305562;5217965678.16;30665374989.65;94783526165.81;"2026-04-26T23:59:59.999Z"
"2026-04-13T00:00:00.000Z";"2026-04-19T23:59:59.999Z";"2026-04-19T16:54:00.000Z";"2026-04-13T19:13:00.000Z";"2781";0.3214914122;0.3365315937;0.3193259568;0.3292046231;5541273094.8;31201438240.86;94778250526.69;"2026-04-19T23:59:59.999Z"
"2026-04-06T00:00:00.000Z";"2026-04-12T23:59:59.999Z";"2026-04-12T16:55:00.000Z";"2026-04-07T15:10:00.000Z";"2781";0.3188524953;0.3229610875;0.3134132081;0.3214914122;3625103808.13;30468904184.01;94773617674.19;"2026-04-12T23:59:59.999Z"
"2026-03-30T00:00:00.000Z";"2026-04-05T23:59:59.999Z";"2026-03-30T12:07:00.000Z";"2026-03-31T16:11:00.000Z";"2781";0.3214413602;0.3239743917;0.3111118222;0.3188524953;3866232159.26;30217106113.53;94768291172.79;"2026-04-05T23:59:59.999Z"
"2026-03-23T00:00:00.000Z";"2026-03-29T23:59:59.999Z";"2026-03-29T22:22:00.000Z";"2026-03-23T18:22:00.000Z";"2781";0.3104865294;0.3244183356;0.3036856972;0.3214413602;4113109205.05;30460623046.11;94762612453.4;"2026-03-29T23:59:59.999Z"
"2026-03-16T00:00:00.000Z";"2026-03-22T23:59:59.999Z";"2026-03-22T20:20:00.000Z";"2026-03-16T23:13:00.000Z";"2781";0.2988762833;0.3186350409;0.2954050879;0.3104865294;4299753471.71;29420381348.73;94755741588.82;"2026-03-22T23:59:59.999Z"
"2026-03-09T00:00:00.000Z";"2026-03-15T23:59:59.999Z";"2026-03-15T19:40:00.000Z";"2026-03-10T13:41:00.000Z";"2781";0.2890608701;0.2990750316;0.28390781;0.29887762;3336741566.8;28318639724.67;94750374344.07;"2026-03-15T23:59:59.999Z"
"2026-03-02T00:00:00.000Z";"2026-03-08T23:59:59.999Z";"2026-03-08T21:59:00.000Z";"2026-03-04T01:10:00.000Z";"2781";0.2807068431;0.2906968629;0.2791454211;0.2890608701;3480030342.26;27387220278.69;94745512502.01;"2026-03-08T23:59:59.999Z"
"2026-02-23T00:00:00.000Z";"2026-03-01T23:59:59.999Z";"2026-02-23T00:00:00.000Z";"2026-02-28T10:10:00.000Z";"2781";0.2904981726;0.2905093172;0.2786041974;0.2807068431;3646576314.66;26594568292.33;94741432032.3;"2026-03-01T23:59:59.999Z"
"2026-02-16T00:00:00.000Z";"2026-02-22T23:59:59.999Z";"2026-02-22T22:25:00.000Z";"2026-02-18T20:29:00.000Z";"2781";0.2804112892;0.2910470984;0.278283106;0.2904981726;3766453336.89;27520317255.89;94734906620.86;"2026-02-22T23:59:59.999Z"
"2026-02-09T00:00:00.000Z";"2026-02-15T23:59:59.999Z";"2026-02-14T12:26:00.000Z";"2026-02-11T10:18:00.000Z";"2781";0.2778210437;0.2837916219;0.2738266197;0.2804112892;3887207637.51;26562024830.13;94725233452.31;"2026-02-15T23:59:59.999Z"
"2026-02-02T00:00:00.000Z";"2026-02-08T23:59:59.999Z";"2026-02-04T07:33:00.000Z";"2026-02-06T00:25:00.000Z";"2781";0.2845851154;0.2871372377;0.2681375432;0.2778248955;7015352661.06;26315364971.4;94720560486.21;"2026-02-08T23:59:59.999Z"
"2026-01-26T00:00:00.000Z";"2026-02-01T23:59:59.999Z";"2026-01-26T06:49:00.000Z";"2026-02-01T16:55:00.000Z";"2781";0.2954599957;0.2969566891;0.2839183698;0.2845851154;4710682008.32;26955377466.21;94718156399.66;"2026-02-01T23:59:59.999Z"
"2026-01-19T00:00:00.000Z";"2026-01-25T23:59:59.999Z";"2026-01-19T04:46:00.000Z";"2026-01-24T12:31:00.000Z";"2781";0.3177520051;0.3203805029;0.2936615535;0.2954599957;4736083600.34;27984576119.92;94715279644.95;"2026-01-25T23:59:59.999Z"
"2026-01-12T00:00:00.000Z";"2026-01-18T23:59:59.999Z";"2026-01-18T05:56:00.000Z";"2026-01-12T07:46:00.000Z";"2781";0.2992726048;0.3207137752;0.2969764352;0.3177375584;10056323948.73;30093922164.66;94708834809.39;"2026-01-18T23:59:59.999Z"
"2026-01-05T00:00:00.000Z";"2026-01-11T23:59:59.999Z";"2026-01-11T19:10:00.000Z";"2026-01-06T10:03:00.000Z";"2781";0.2938711839;0.3027898448;0.2911040142;0.2992726048;4047435189.44;28342364112.12;94704171559.76;"2026-01-11T23:59:59.999Z"
"2025-12-29T00:00:00.000Z";"2026-01-04T23:59:59.999Z";"2026-01-04T00:07:00.000Z";"2025-12-29T15:03:00.000Z";"2781";0.2849135445;0.295583344;0.2813005529;0.2938740238;3445776458.36;27829175777.09;94698552637.01;"2026-01-04T23:59:59.999Z"
"2025-12-22T00:00:00.000Z";"2025-12-28T23:59:59.999Z";"2025-12-22T01:49:00.000Z";"2025-12-25T16:10:00.000Z";"2781";0.2882731666;0.2889718382;0.2768797719;0.2849135445;3359198834.86;26979327693.33;94693033062.19;"2025-12-28T23:59:59.999Z"
"2025-12-15T00:00:00.000Z";"2025-12-21T23:59:59.999Z";"2025-12-21T23:19:00.000Z";"2025-12-18T09:05:00.000Z";"2781";0.2772184047;0.2885110076;0.2769304952;0.2882731666;4060477023.48;27295794142.8;94687252584.7;"2025-12-21T23:59:59.999Z"
"2025-12-08T00:00:00.000Z";"2025-12-14T23:59:59.999Z";"2025-12-08T02:14:00.000Z";"2025-12-14T00:12:00.000Z";"2781";0.2868964087;0.2879413265;0.2708602825;0.2772192277;3791234643.57;26248273672.59;94684455379.02;"2025-12-14T23:59:59.999Z"
"2025-12-01T00:00:00.000Z";"2025-12-07T23:59:59.999Z";"2025-12-06T13:37:00.000Z";"2025-12-01T19:53:00.000Z";"2781";0.2816854327;0.2904769605;0.275586791;0.2868963827;4460990498.12;27163690808.94;94681181024.14;"2025-12-07T23:59:59.999Z"
"2025-11-24T00:00:00.000Z";"2025-11-30T23:59:59.999Z";"2025-11-30T18:05:00.000Z";"2025-11-25T14:56:00.000Z";"2781";0.2750758572;0.2830712663;0.2711152474;0.2816854327;3655120501.64;26670064566.86;94680311695.8;"2025-11-30T23:59:59.999Z"
"2025-11-17T00:00:00.000Z";"2025-11-23T23:59:59.999Z";"2025-11-17T15:04:00.000Z";"2025-11-22T15:49:00.000Z";"2781";0.2922156685;0.2954578137;0.2731288533;0.2750732663;6916681199.83;26043261503.73;94676653070.76;"2025-11-23T23:59:59.999Z"
"2025-11-10T00:00:00.000Z";"2025-11-16T23:59:59.999Z";"2025-11-11T17:12:00.000Z";"2025-11-14T04:56:00.000Z";"2781";0.2908317278;0.301056011;0.2884908554;0.2922156685;5805931037.42;27664557101.16;94671710253.76;"2025-11-16T23:59:59.999Z"
"2025-11-03T00:00:00.000Z";"2025-11-09T23:59:59.999Z";"2025-11-03T00:00:00.000Z";"2025-11-04T08:20:00.000Z";"2781";0.2984378654;0.2984499522;0.2770465772;0.2908317278;6834074303.08;27532738597.09;94668964781.77;"2025-11-09T23:59:59.999Z"
"2025-10-27T00:00:00.000Z";"2025-11-02T23:59:59.999Z";"2025-10-27T05:32:00.000Z";"2025-10-30T20:02:00.000Z";"2781";0.3004308262;0.3019954047;0.2887155917;0.2984378654;5563474772.59;28252336561.16;94667399283.92;"2025-11-02T23:59:59.999Z"
"2025-10-20T00:00:00.000Z";"2025-10-26T23:59:59.999Z";"2025-10-21T16:52:00.000Z";"2025-10-25T05:30:00.000Z";"2781";0.3204504074;0.3253876211;0.2943095052;0.300447438;6528431532.75;28441194947.49;94668031590.55;"2025-10-26T23:59:59.999Z"
"2025-10-13T00:00:00.000Z";"2025-10-19T23:59:59.999Z";"2025-10-13T03:10:00.000Z";"2025-10-17T14:38:00.000Z";"2781";0.3231715769;0.3243620045;0.3048457978;0.3204504074;7025284917.48;30335819255.06;94666190323.63;"2025-10-19T23:59:59.999Z"
"2025-10-06T00:00:00.000Z";"2025-10-12T23:59:59.999Z";"2025-10-06T17:25:00.000Z";"2025-10-12T01:01:00.000Z";"2781";0.3414259815;0.3472047734;0.3113018531;0.3231567498;7831803665.65;30593926184.94;94667750420.12;"2025-10-12T23:59:59.999Z"
"2025-09-29T00:00:00.000Z";"2025-10-05T23:59:59.999Z";"2025-10-03T16:46:00.000Z";"2025-09-30T20:22:00.000Z";"2781";0.335789106;0.3458945632;0.3317428166;0.3414259815;4750924641.04;32322501041.67;94669131207.03;"2025-10-05T23:59:59.999Z"
"2025-09-22T00:00:00.000Z";"2025-09-28T23:59:59.999Z";"2025-09-22T00:13:00.000Z";"2025-09-25T12:32:00.000Z";"2781";0.3428422133;0.3432187473;0.3308877587;0.335789106;5354664548.42;31788656295.8;94668515816.83;"2025-09-28T23:59:59.999Z"
"2025-09-15T00:00:00.000Z";"2025-09-21T23:59:59.999Z";"2025-09-19T01:07:00.000Z";"2025-09-17T18:59:00.000Z";"2781";0.3485847164;0.3524697029;0.3390267306;0.3428422133;5849970990.78;32455547215.95;94666134895.32;"2025-09-21T23:59:59.999Z"
"2025-09-08T00:00:00.000Z";"2025-09-14T23:59:59.999Z";"2025-09-13T05:49:00.000Z";"2025-09-08T02:29:00.000Z";"2781";0.3309092827;0.3547495534;0.3295157727;0.3485847164;5694257046.66;32998707777.62;94664815239.39;"2025-09-14T23:59:59.999Z"
"2025-09-01T00:00:00.000Z";"2025-09-07T23:59:59.999Z";"2025-09-03T21:32:00.000Z";"2025-09-06T22:09:00.000Z";"2781";0.340811677;0.3420713348;0.3015561248;0.3309092827;7532618506.55;31325097529.56;94663701402.24;"2025-09-07T23:59:59.999Z"
"2025-08-25T00:00:00.000Z";"2025-08-31T23:59:59.999Z";"2025-08-25T00:01:00.000Z";"2025-08-29T16:08:00.000Z";"2781";0.3615401847;0.3615463671;0.3336386543;0.340811677;7419626822.74;32261539881.19;94660899422.26;"2025-08-31T23:59:59.999Z"
"2025-08-18T00:00:00.000Z";"2025-08-24T23:59:59.999Z";"2025-08-24T18:43:00.000Z";"2025-08-18T09:34:00.000Z";"2781";0.3535164415;0.3683017972;0.3448586892;0.3615400955;8472045278.34;34226437328.73;94668417997.56;"2025-08-24T23:59:59.999Z"
"2025-08-11T00:00:00.000Z";"2025-08-17T23:59:59.999Z";"2025-08-14T12:30:00.000Z";"2025-08-11T00:04:00.000Z";"2781";0.3383258746;0.3697865677;0.3382730717;0.3535164415;9739558294.27;33471631664.4;94681965927.9;"2025-08-17T23:59:59.999Z"
"2025-08-04T00:00:00.000Z";"2025-08-10T23:59:59.999Z";"2025-08-10T13:12:00.000Z";"2025-08-04T01:53:00.000Z";"2781";0.3276557905;0.3421468828;0.32721963;0.3383258746;5993190803.48;32038713486.7;94697792561.88;"2025-08-10T23:59:59.999Z"
"2025-07-28T00:00:00.000Z";"2025-08-03T23:59:59.999Z";"2025-07-29T11:20:00.000Z";"2025-08-02T18:50:00.000Z";"2781";0.320070456;0.3499971237;0.3189391641;0.327654726;10855224851.79;31033153372.1;94712665780.82;"2025-08-03T23:59:59.999Z"
"2025-07-21T00:00:00.000Z";"2025-07-27T23:59:59.999Z";"2025-07-27T09:39:00.000Z";"2025-07-24T06:55:00.000Z";"2781";0.3142207957;0.3228609364;0.3012433908;0.320070456;8751892830.97;30319732365.61;94728306836.1;"2025-07-27T23:59:59.999Z"
"2025-07-14T00:00:00.000Z";"2025-07-20T23:59:59.999Z";"2025-07-18T14:02:00.000Z";"2025-07-15T14:59:00.000Z";"2781";0.302931493;0.3342975707;0.2955447548;0.3142207957;8742010600.7;29770276495.39;94743177111.82;"2025-07-20T23:59:59.999Z"
"2025-07-07T00:00:00.000Z";"2025-07-13T23:59:59.999Z";"2025-07-12T03:49:00.000Z";"2025-07-07T20:20:00.000Z";"2781";0.2873531368;0.3066697273;0.2857184594;0.302931493;4547703631.68;28706160688;94761229363;"2025-07-13T23:59:59.999Z"
"2025-06-30T00:00:00.000Z";"2025-07-06T23:59:59.999Z";"2025-07-04T10:11:00.000Z";"2025-06-30T02:28:00.000Z";"2781";0.2768730995;0.2879167832;0.2762666239;0.2873531368;2716857806.88;27235889684.03;94781946672.39;"2025-07-06T23:59:59.999Z"
"2025-06-23T00:00:00.000Z";"2025-06-29T23:59:59.999Z";"2025-06-29T23:56:00.000Z";"2025-06-23T00:01:00.000Z";"2781";0.2634773377;0.2768865578;0.2634511444;0.2768730995;3295725769.44;26248074564.42;94801822982.01;"2025-06-29T23:59:59.999Z"
"2025-06-16T00:00:00.000Z";"2025-06-22T23:59:59.999Z";"2025-06-16T12:39:00.000Z";"2025-06-22T20:31:00.000Z";"2781";0.2739498142;0.2899081317;0.2591792672;0.2634776238;5231403200.78;24982302797.24;94817653067.69;"2025-06-22T23:59:59.999Z"
"2025-06-09T00:00:00.000Z";"2025-06-15T23:59:59.999Z";"2025-06-10T15:01:00.000Z";"2025-06-13T01:43:00.000Z";"2781";0.2818770955;0.2942736418;0.267371296;0.2739498142;4402965377.58;25980789033.12;94837768393.99;"2025-06-15T23:59:59.999Z"
"2025-06-02T00:00:00.000Z";"2025-06-08T23:59:59.999Z";"2025-06-08T02:40:00.000Z";"2025-06-02T16:43:00.000Z";"2781";0.2711617472;0.2875061035;0.2660876577;0.2818770955;3666120788.65;26736908046.02;94853070608.7;"2025-06-08T23:59:59.999Z"
"2025-05-26T00:00:00.000Z";"2025-06-01T23:59:59.999Z";"2025-05-28T02:47:00.000Z";"2025-05-31T01:44:00.000Z";"2781";0.2717907472;0.2795046557;0.2635969211;0.2711617472;3953359348.43;25723861113.96;94865376035.57;"2025-06-01T23:59:59.999Z"
"2025-05-19T00:00:00.000Z";"2025-05-25T23:59:59.999Z";"2025-05-22T11:59:00.000Z";"2025-05-19T04:43:00.000Z";"2781";0.2677969075;0.2814115213;0.2608208988;0.2717905199;5578068991.76;25786988272.48;94878094768.99;"2025-05-25T23:59:59.999Z"
"2025-05-12T00:00:00.000Z";"2025-05-18T23:59:59.999Z";"2025-05-12T14:23:00.000Z";"2025-05-13T06:31:00.000Z";"2781";0.2648782644;0.2796835543;0.2609701884;0.2677969075;7049117815.84;25411763764.74;94891923907.13;"2025-05-18T23:59:59.999Z"
"2025-05-05T00:00:00.000Z";"2025-05-11T23:59:59.999Z";"2025-05-11T04:08:00.000Z";"2025-05-07T04:26:00.000Z";"2781";0.2470847946;0.2682307172;0.2437105113;0.2648782195;5330676960.83;25139557163.16;94909853097.11;"2025-05-11T23:59:59.999Z"
"2025-04-28T00:00:00.000Z";"2025-05-04T23:59:59.999Z";"2025-04-29T01:04:00.000Z";"2025-04-30T02:22:00.000Z";"2781";0.2454791271;0.2498668305;0.2426965863;0.2470869579;3128457095.3;23454832226.02;94925415838.8;"2025-05-04T23:59:59.999Z"
"2025-04-21T00:00:00.000Z";"2025-04-27T23:59:59.999Z";"2025-04-27T01:33:00.000Z";"2025-04-21T13:13:00.000Z";"2781";0.24382455;0.2542322567;0.241080984;0.245487278;4360906762.8;23305956038.98;94937530890.11;"2025-04-27T23:59:59.999Z"
"2025-04-14T00:00:00.000Z";"2025-04-20T23:59:59.999Z";"2025-04-14T03:08:00.000Z";"2025-04-18T23:53:00.000Z";"2781";0.2544399331;0.2587522322;0.2397629439;0.24382455;3822863797.91;23151025584.87;94949526558.78;"2025-04-20T23:59:59.999Z"
"2025-04-07T00:00:00.000Z";"2025-04-13T23:59:59.999Z";"2025-04-13T23:57:00.000Z";"2025-04-07T07:09:00.000Z";"2781";0.2297304999;0.2544665192;0.2209333588;0.2544394082;4875267274.97;24162124415.82;94961997999.07;"2025-04-13T23:59:59.999Z"
"2025-03-31T00:00:00.000Z";"2025-04-06T23:59:59.999Z";"2025-04-04T13:07:00.000Z";"2025-04-06T23:25:00.000Z";"2781";0.2313498645;0.2416593126;0.2281999098;0.2297304999;3412313112.08;21819669228.3;94979418204.28;"2025-04-06T23:59:59.999Z"
"2025-03-24T00:00:00.000Z";"2025-03-30T23:59:59.999Z";"2025-03-29T16:17:00.000Z";"2025-03-24T01:10:00.000Z";"2781";0.2299659683;0.2355625188;0.2253058374;0.2313496763;3261184659.38;21976965391.25;94994502955.21;"2025-03-30T23:59:59.999Z"
"2025-03-17T00:00:00.000Z";"2025-03-23T23:59:59.999Z";"2025-03-19T01:25:00.000Z";"2025-03-17T06:35:00.000Z";"2781";0.2122169069;0.2429622564;0.211306069;0.2299659683;4804624275.73;21849058552.99;95009964799.42;"2025-03-23T23:59:59.999Z"
"2025-03-10T00:00:00.000Z";"2025-03-16T23:59:59.999Z";"2025-03-10T12:58:00.000Z";"2025-03-16T23:31:00.000Z";"2781";0.231908428;0.2377123015;0.2112039233;0.2122191227;5736615010.52;20166262122.14;95026651808.14;"2025-03-16T23:59:59.999Z"
"2025-03-03T00:00:00.000Z";"2025-03-09T23:59:59.999Z";"2025-03-08T09:22:00.000Z";"2025-03-04T02:19:00.000Z";"2781";0.2439046712;0.250843392;0.2271920888;0.231908428;5016924024.68;22041520203.66;95044067153.32;"2025-03-09T23:59:59.999Z"
"2025-02-24T00:00:00.000Z";"2025-03-02T23:59:59.999Z";"2025-02-24T12:32:00.000Z";"2025-02-28T04:16:00.000Z";"2781";0.245971118;0.2488539561;0.2171854896;0.2439044458;7881923568.36;20991616354.24;86064839410.67;"2025-03-02T23:59:59.999Z"
"2025-02-17T00:00:00.000Z";"2025-02-23T23:59:59.999Z";"2025-02-21T06:39:00.000Z";"2025-02-18T16:42:00.000Z";"2781";0.2426640408;0.2504707915;0.2328422161;0.245971118;3733528693.61;21174104713.7;86083703180.93;"2025-02-23T23:59:59.999Z"
"2025-02-10T00:00:00.000Z";"2025-02-16T23:59:59.999Z";"2025-02-11T11:40:00.000Z";"2025-02-10T02:17:00.000Z";"2781";0.232541094;0.2489960035;0.2281762276;0.2426664801;4543631767.9;20892499772.44;86095532275.01;"2025-02-16T23:59:59.999Z"
"2025-02-03T00:00:00.000Z";"2025-02-09T23:59:59.999Z";"2025-02-09T17:14:00.000Z";"2025-02-03T02:11:00.000Z";"2781";0.2250962039;0.2375611141;0.2041472944;0.232541094;6219955033;20023757380.36;86108468124.43;"2025-02-09T23:59:59.999Z"
"2025-01-27T00:00:00.000Z";"2025-02-02T23:59:59.999Z";"2025-01-31T16:04:00.000Z";"2025-02-02T23:32:00.000Z";"2781";0.2463452455;0.2579480453;0.2227713137;0.2250961714;5839735765.82;19386224057.17;86124183888.66;"2025-02-02T23:59:59.999Z"
"2025-01-20T00:00:00.000Z";"2025-01-26T23:59:59.999Z";"2025-01-24T14:31:00.000Z";"2025-01-20T01:02:00.000Z";"2781";0.2281371892;0.2610081171;0.2241595953;0.2463330178;7127282266.64;21218775224.9;86134299765.75;"2025-01-26T23:59:59.999Z"
"2025-01-13T00:00:00.000Z";"2025-01-19T23:59:59.999Z";"2025-01-18T02:12:00.000Z";"2025-01-13T12:01:00.000Z";"2781";0.2334213701;0.2604205061;0.2168988357;0.2281368634;8343225182.71;19654626682.69;86152664348.55;"2025-01-19T23:59:59.999Z"
"2025-01-06T00:00:00.000Z";"2025-01-12T23:59:59.999Z";"2025-01-07T06:13:00.000Z";"2025-01-12T23:01:00.000Z";"2781";0.2626456687;0.2713935467;0.2316198155;0.2334213701;7876700648.26;20115012559.65;86174682947.47;"2025-01-12T23:59:59.999Z"
"2024-12-30T00:00:00.000Z";"2025-01-05T23:59:59.999Z";"2025-01-04T17:10:00.000Z";"2024-12-30T16:52:00.000Z";"2781";0.257286274;0.2737861819;0.2503487392;0.2626456687;6119595233.48;22637898640.67;86191783595.52;"2025-01-05T23:59:59.999Z"
"2024-12-23T00:00:00.000Z";"2024-12-29T23:59:59.999Z";"2024-12-27T12:29:00.000Z";"2024-12-23T01:22:00.000Z";"2781";0.2438872517;0.2649203929;0.2415734754;0.2572862091;7376197802.68;22178565873.3;86201900825.16;"2024-12-29T23:59:59.999Z"
"2024-12-16T00:00:00.000Z";"2024-12-22T23:59:59.999Z";"2024-12-16T21:10:00.000Z";"2024-12-20T12:02:00.000Z";"2781";0.2852961797;0.3044032334;0.2248454961;0.2438872517;15974592607.76;21027208092.42;86216921731.46;"2024-12-22T23:59:59.999Z"
"2024-12-09T00:00:00.000Z";"2024-12-15T23:59:59.999Z";"2024-12-09T00:22:00.000Z";"2024-12-10T03:30:00.000Z";"2781";0.3188319416;0.3204848592;0.2450662625;0.2852961797;15127524280.53;24604553260.97;86242140656.03;"2024-12-15T23:59:59.999Z"
"2024-12-02T00:00:00.000Z";"2024-12-08T23:59:59.999Z";"2024-12-03T23:31:00.000Z";"2024-12-02T11:01:00.000Z";"2781";0.207340201;0.4406747153;0.2038899086;0.3188233407;32919000912.01;27505368610.94;86269175155.98;"2024-12-08T23:59:59.999Z"
"2024-11-25T00:00:00.000Z";"2024-12-01T23:59:59.999Z";"2024-11-25T09:40:00.000Z";"2024-11-26T11:43:00.000Z";"2781";0.2088323687;0.2121746224;0.1867908589;0.207340201;6611200198.62;17894635598.37;86305673033.74;"2024-12-01T23:59:59.999Z"
"2024-11-18T00:00:00.000Z";"2024-11-24T23:59:59.999Z";"2024-11-23T14:17:00.000Z";"2024-11-21T02:47:00.000Z";"2781";0.1994859629;0.2244084461;0.1933250215;0.2088326907;7948574406.91;18029307120.22;86341892523.41;"2024-11-24T23:59:59.999Z"
"2024-11-11T00:00:00.000Z";"2024-11-17T23:59:59.999Z";"2024-11-16T18:15:00.000Z";"2024-11-11T06:25:00.000Z";"2781";0.1640750167;0.2041250076;0.1638126733;0.1994882393;8236261190.3;17230998588.84;86376012166.31;"2024-11-17T23:59:59.999Z"
"2024-11-04T00:00:00.000Z";"2024-11-10T23:59:59.999Z";"2024-11-10T18:15:00.000Z";"2024-11-07T14:55:00.000Z";"2781";0.1651630423;0.1668505912;0.1598409491;0.1640750167;2944939069.5;14178405466.6;86415571521.33;"2024-11-10T23:59:59.999Z"
"2024-10-28T00:00:00.000Z";"2024-11-03T23:59:59.999Z";"2024-10-31T11:37:00.000Z";"2024-10-28T06:33:00.000Z";"2781";0.1638713072;0.1703401379;0.1630217841;0.1651630423;2733231555.56;14278601369.36;86451552157.39;"2024-11-03T23:59:59.999Z"
"2024-10-21T00:00:00.000Z";"2024-10-27T23:59:59.999Z";"2024-10-25T13:19:00.000Z";"2024-10-21T02:35:00.000Z";"2781";0.1567259864;0.1666484776;0.1557267969;0.1638713072;2402770459.57;14172179945.23;86483596106.06;"2024-10-27T23:59:59.999Z"
"2024-10-14T00:00:00.000Z";"2024-10-20T23:59:59.999Z";"2024-10-14T04:04:00.000Z";"2024-10-20T02:51:00.000Z";"2781";0.16261529;0.1629187937;0.1561028026;0.1567261346;2069153160.62;13559297318.55;86515948187.45;"2024-10-20T23:59:59.999Z"
"2024-10-07T00:00:00.000Z";"2024-10-13T23:59:59.999Z";"2024-10-12T12:16:00.000Z";"2024-10-07T01:28:00.000Z";"2781";0.1542740817;0.1639212535;0.1538771234;0.16261529;2552955597.83;14074487463.6;86550824757.98;"2024-10-13T23:59:59.999Z"
"2024-09-30T00:00:00.000Z";"2024-10-06T23:59:59.999Z";"2024-10-04T00:12:00.000Z";"2024-10-02T00:31:00.000Z";"2781";0.1564738116;0.1578143218;0.1531403353;0.1542740817;2285816427.78;13357490598.22;86582855985.66;"2024-10-06T23:59:59.999Z"
"2024-09-23T00:00:00.000Z";"2024-09-29T23:59:59.999Z";"2024-09-29T20:07:00.000Z";"2024-09-26T01:47:00.000Z";"2781";0.1518628086;0.1575478904;0.1494797959;0.1564738116;1940081706.89;13553733671.29;86619821775.31;"2024-09-29T23:59:59.999Z"
"2024-09-16T00:00:00.000Z";"2024-09-22T23:59:59.999Z";"2024-09-20T06:49:00.000Z";"2024-09-16T03:07:00.000Z";"2781";0.1489581701;0.1527807752;0.1478758296;0.1518628086;1820398144.6;13160821972.31;86662574554.63;"2024-09-22T23:59:59.999Z"
"2024-09-09T00:00:00.000Z";"2024-09-15T23:59:59.999Z";"2024-09-09T16:35:00.000Z";"2024-09-15T12:16:00.000Z";"2781";0.1531909239;0.1549551784;0.1471132637;0.1489581701;2241322260.63;12913938602.37;86695067412.76;"2024-09-15T23:59:59.999Z"
"2024-09-02T00:00:00.000Z";"2024-09-08T23:59:59.999Z";"2024-09-02T10:30:00.000Z";"2024-09-06T21:05:00.000Z";"2781";0.1556665405;0.1568575292;0.1466870234;0.1531909239;2731015946.38;13285911946.16;86727800899.8;"2024-09-08T23:59:59.999Z"
"2024-08-26T00:00:00.000Z";"2024-09-01T23:59:59.999Z";"2024-08-26T11:37:00.000Z";"2024-09-01T23:01:00.000Z";"2781";0.1665571197;0.1684874173;0.1551468455;0.1556665405;3614228239.96;13507094960.65;86769416992.05;"2024-09-01T23:59:59.999Z"
"2024-08-19T00:00:00.000Z";"2024-08-25T23:59:59.999Z";"2024-08-25T23:29:00.000Z";"2024-08-19T01:34:00.000Z";"2781";0.1352451943;0.167130272;0.1341275196;0.1665571197;7247800722.6;14464923535.44;86846623913.17;"2024-08-25T23:59:59.999Z"
"2024-08-12T00:00:00.000Z";"2024-08-18T23:59:59.999Z";"2024-08-17T12:35:00.000Z";"2024-08-13T02:26:00.000Z";"2781";0.1277453167;0.1362399478;0.1257399976;0.1352451943;2075026436.4;11759909698.94;86952514332.82;"2024-08-18T23:59:59.999Z"
"2024-08-05T00:00:00.000Z";"2024-08-11T23:59:59.999Z";"2024-08-10T19:37:00.000Z";"2024-08-05T06:46:00.000Z";"2781";0.1262749583;0.1297448067;0.1173643211;0.1277451601;2894389813.05;11112098828.41;86986350000.9;"2024-08-11T23:59:59.999Z"
"2024-07-29T00:00:00.000Z";"2024-08-04T23:59:59.999Z";"2024-07-29T02:22:00.000Z";"2024-08-03T04:15:00.000Z";"2781";0.1386697441;0.1393791479;0.1229065766;0.1262749583;2371156141.27;10988669249.08;87021761054.01;"2024-08-04T23:59:59.999Z"
"2024-07-22T00:00:00.000Z";"2024-07-28T23:59:59.999Z";"2024-07-28T21:46:00.000Z";"2024-07-23T05:58:00.000Z";"2781";0.1343482907;0.1391759254;0.1312109251;0.1386698223;1897930865.3;12072230489.14;87057422408.09;"2024-07-28T23:59:59.999Z"
"2024-07-15T00:00:00.000Z";"2024-07-21T23:59:59.999Z";"2024-07-15T07:17:00.000Z";"2024-07-16T08:31:00.000Z";"2781";0.1376900816;0.1389459482;0.1329230871;0.1343474335;2062139120.09;11699890828.39;87086264844.07;"2024-07-21T23:59:59.999Z"
"2024-07-08T00:00:00.000Z";"2024-07-14T23:59:59.999Z";"2024-07-13T18:58:00.000Z";"2024-07-08T01:19:00.000Z";"2781";0.1246728385;0.1414895763;0.1230324491;0.1376885283;2383531208.64;11995964712.97;87123922828.25;"2024-07-14T23:59:59.999Z"
"2024-07-01T00:00:00.000Z";"2024-07-07T23:59:59.999Z";"2024-07-07T01:37:00.000Z";"2024-07-05T09:04:00.000Z";"2781";0.1245309665;0.1308929132;0.1212125121;0.1246668282;2635826979.59;10865893069.89;87159457137.5;"2024-07-07T23:59:59.999Z"
"2024-06-24T00:00:00.000Z";"2024-06-30T23:59:59.999Z";"2024-06-29T21:43:00.000Z";"2024-06-24T09:47:00.000Z";"2781";0.1191638643;0.126031117;0.1178125833;0.1245265387;1994535011.97;10858643911.36;87199435752.84;"2024-06-30T23:59:59.999Z"
"2024-06-17T00:00:00.000Z";"2024-06-23T23:59:59.999Z";"2024-06-23T12:09:00.000Z";"2024-06-18T01:47:00.000Z";"2781";0.11725041;0.1204187953;0.1137118956;0.1191596783;1764195201.34;10395470719.01;87239835364.3;"2024-06-23T23:59:59.999Z"
"2024-06-10T00:00:00.000Z";"2024-06-16T23:59:59.999Z";"2024-06-11T01:51:00.000Z";"2024-06-15T15:55:00.000Z";"2781";0.1168787765;0.117919392;0.1148725525;0.1172451408;2040549810.6;10233078825.98;87279342708.87;"2024-06-16T23:59:59.999Z"
"2024-06-03T00:00:00.000Z";"2024-06-09T23:59:59.999Z";"2024-06-09T23:52:00.000Z";"2024-06-07T18:07:00.000Z";"2781";0.1147220526;0.1169336811;0.1118091272;0.1168816327;2101473441.9;10206195076.31;87320777819.25;"2024-06-09T23:59:59.999Z"
"2024-05-27T00:00:00.000Z";"2024-06-02T23:59:59.999Z";"2024-06-02T22:22:00.000Z";"2024-05-28T06:19:00.000Z";"2781";0.1130893912;0.1152173046;0.1103709364;0.1147220526;1932178183.84;10022665438.04;87364767364.7;"2024-06-02T23:59:59.999Z"
"2024-05-20T00:00:00.000Z";"2024-05-26T23:59:59.999Z";"2024-05-21T00:22:00.000Z";"2024-05-26T21:34:00.000Z";"2781";0.121196413;0.1245679599;0.1127737803;0.1130893912;2199196964.78;9884691624.32;87406002612.74;"2024-05-26T23:59:59.999Z"
"2024-05-13T00:00:00.000Z";"2024-05-19T23:59:59.999Z";"2024-05-13T00:49:00.000Z";"2024-05-19T13:34:00.000Z";"2781";0.1273170255;0.1274557066;0.1206102417;0.121196413;1866025156.12;10597571387.8;87441295741.26;"2024-05-19T23:59:59.999Z"
"2024-05-06T00:00:00.000Z";"2024-05-12T23:59:59.999Z";"2024-05-11T00:59:00.000Z";"2024-05-07T03:31:00.000Z";"2781";0.1211109503;0.1276301766;0.1182867738;0.1273170255;2110438827.02;11137783673.07;87480709118.36;"2024-05-12T23:59:59.999Z"
"2024-04-29T00:00:00.000Z";"2024-05-05T23:59:59.999Z";"2024-05-03T20:52:00.000Z";"2024-05-01T08:40:00.000Z";"2781";0.1213436144;0.1239222288;0.1170590223;0.1211113435;2349921634.93;10599560419.62;87519422428.15;"2024-05-05T23:59:59.999Z"
"2024-04-22T00:00:00.000Z";"2024-04-28T23:59:59.999Z";"2024-04-28T23:34:00.000Z";"2024-04-22T02:34:00.000Z";"2781";0.1113473031;0.1214651084;0.1105493255;0.1213436144;2109244715.44;10624362092.6;87556004876.99;"2024-04-28T23:59:59.999Z"
"2024-04-15T00:00:00.000Z";"2024-04-21T23:59:59.999Z";"2024-04-15T08:46:00.000Z";"2024-04-19T02:25:00.000Z";"2781";0.1125917793;0.1154133803;0.1055667612;0.1113473031;2592140085.88;9753379839.57;87594217123.69;"2024-04-21T23:59:59.999Z"
"2024-04-08T00:00:00.000Z";"2024-04-14T23:59:59.999Z";"2024-04-10T07:46:00.000Z";"2024-04-13T21:50:00.000Z";"2781";0.1205442598;0.1239040993;0.1078676431;0.1125917793;2845967711.7;9867673415.21;87641153512.42;"2024-04-14T23:59:59.999Z"
"2024-04-01T00:00:00.000Z";"2024-04-07T23:59:59.999Z";"2024-04-01T04:12:00.000Z";"2024-04-03T00:41:00.000Z";"2781";0.1229874787;0.1232283765;0.115871489;0.1205442598;1993299586.2;10569871350.8;87684568059.91;"2024-04-07T23:59:59.999Z"
"2024-03-25T00:00:00.000Z";"2024-03-31T23:59:59.999Z";"2024-03-31T16:16:00.000Z";"2024-03-25T08:08:00.000Z";"2781";0.1201843936;0.1233331824;0.1173763497;0.1229874787;2023759651.47;10790233535.21;87734407215.02;"2024-03-31T23:59:59.999Z"
"2024-03-18T00:00:00.000Z";"2024-03-24T23:59:59.999Z";"2024-03-18T08:01:00.000Z";"2024-03-19T23:26:00.000Z";"2781";0.1261980709;0.1266415469;0.1104869681;0.1201875577;3220607479.4;10550435150.49;87785400734.01;"2024-03-24T23:59:59.999Z"
"2024-03-11T00:00:00.000Z";"2024-03-17T23:59:59.999Z";"2024-03-11T00:11:00.000Z";"2024-03-17T07:41:00.000Z";"2781";0.1338808265;0.1343412288;0.1242388706;0.1261980709;3041206466.36;11085187152.72;87839592734.77;"2024-03-17T23:59:59.999Z"
"2024-03-04T00:00:00.000Z";"2024-03-10T23:59:59.999Z";"2024-03-04T12:40:00.000Z";"2024-03-10T23:03:00.000Z";"2781";0.1406928907;0.1412792812;0.1336794303;0.1338793639;3110179208.64;11767608822.38;87896147107.29;"2024-03-10T23:59:59.999Z"
"2024-02-26T00:00:00.000Z";"2024-03-03T23:59:59.999Z";"2024-02-28T17:17:00.000Z";"2024-02-26T01:53:00.000Z";"2781";0.1376172899;0.1441262662;0.1374047266;0.1406887783;2664636522.24;12374304467.05;87955163252.17;"2024-03-03T23:59:59.999Z"
"2024-02-19T00:00:00.000Z";"2024-02-25T23:59:59.999Z";"2024-02-21T06:06:00.000Z";"2024-02-19T00:05:00.000Z";"2781";0.1351907208;0.1404163926;0.1351562108;0.1376175289;2096080220.69;12111553195.27;88008797242.02;"2024-02-25T23:59:59.999Z"
"2024-02-12T00:00:00.000Z";"2024-02-18T23:59:59.999Z";"2024-02-17T12:46:00.000Z";"2024-02-12T02:50:00.000Z";"2781";0.124275264;0.1393768175;0.1236526431;0.1351860417;2222467946.9;11902962584.7;88048754423.08;"2024-02-18T23:59:59.999Z"
"2024-02-05T00:00:00.000Z";"2024-02-11T23:59:59.999Z";"2024-02-08T06:20:00.000Z";"2024-02-05T18:46:00.000Z";"2781";0.1183863731;0.1266470639;0.1177927377;0.1242778769;1829117189.7;10946602988.09;88081670383.41;"2024-02-11T23:59:59.999Z"
"2024-01-29T00:00:00.000Z";"2024-02-04T23:59:59.999Z";"2024-02-04T22:16:00.000Z";"2024-01-31T02:23:00.000Z";"2781";0.1122031874;0.118895698;0.1114657129;0.1183879461;1671992690.08;10431592563.95;88113637461.33;"2024-02-04T23:59:59.999Z"
"2024-01-22T00:00:00.000Z";"2024-01-28T23:59:59.999Z";"2024-01-27T01:05:00.000Z";"2024-01-23T14:25:00.000Z";"2781";0.1088818976;0.1163261404;0.1061076527;0.1122055823;1775549087.45;9891341343.75;88153736573.69;"2024-01-28T23:59:59.999Z"
"2024-01-15T00:00:00.000Z";"2024-01-21T23:59:59.999Z";"2024-01-15T12:38:00.000Z";"2024-01-19T03:34:00.000Z";"2781";0.1111406399;0.114309127;0.1069275601;0.108869663;1738880998.77;9601507423.12;88192680676.47;"2024-01-21T23:59:59.999Z"
"2024-01-08T00:00:00.000Z";"2024-01-14T23:59:59.999Z";"2024-01-14T02:50:00.000Z";"2024-01-08T03:28:00.000Z";"2781";0.1029064251;0.1175137502;0.1013555134;0.111154549;2521269447.52;9808109455.85;88238489054.13;"2024-01-14T23:59:59.999Z"
"2024-01-01T00:00:00.000Z";"2024-01-07T23:59:59.999Z";"2024-01-02T11:22:00.000Z";"2024-01-06T07:08:00.000Z";"2781";0.107686615;0.1105518947;0.10202566;0.102898006;1824255973.34;9084136731.2;88282922947.49;"2024-01-07T23:59:59.999Z"
"2023-12-25T00:00:00.000Z";"2023-12-31T23:59:59.999Z";"2023-12-31T18:44:00.000Z";"2023-12-26T17:53:00.000Z";"2781";0.1063911127;0.1089582002;0.1023306803;0.1076726763;1667462576.36;9509555130.58;88319111746.05;"2023-12-31T23:59:59.999Z"
"2023-12-18T00:00:00.000Z";"2023-12-24T23:59:59.999Z";"2023-12-24T19:31:00.000Z";"2023-12-18T10:35:00.000Z";"2781";0.1021064256;0.1075039135;0.0980506674;0.1063896128;1537767793.01;9400637852.19;88360485601.79;"2023-12-24T23:59:59.999Z"
"2023-12-11T00:00:00.000Z";"2023-12-17T23:59:59.999Z";"2023-12-11T00:37:00.000Z";"2023-12-16T00:40:00.000Z";"2781";0.1078164985;0.1079066363;0.1012781399;0.102110951;1768022199.49;9027474631.56;88408486519.98;"2023-12-17T23:59:59.999Z"
"2023-12-04T00:00:00.000Z";"2023-12-10T23:59:59.999Z";"2023-12-09T08:19:00.000Z";"2023-12-04T15:55:00.000Z";"2781";0.1031617127;0.1086527607;0.1025018128;0.1078227335;2035810157.24;9538305988.85;88462847118.48;"2023-12-10T23:59:59.999Z"
"2023-11-27T00:00:00.000Z";"2023-12-03T23:59:59.999Z";"2023-11-27T00:04:00.000Z";"2023-11-28T02:22:00.000Z";"2781";0.1078432422;0.1079304497;0.100326553;0.1031624089;1715837972.1;9131806196.65;88518737551.99;"2023-12-03T23:59:59.999Z"
"2023-11-20T00:00:00.000Z";"2023-11-26T23:59:59.999Z";"2023-11-26T01:53:00.000Z";"2023-11-21T23:04:00.000Z";"2781";0.1035031789;0.1098842934;0.095996703;0.1078543862;1991675758.99;9552886970.79;88572076758.5;"2023-11-26T23:59:59.999Z"
"2023-11-13T00:00:00.000Z";"2023-11-19T23:59:59.999Z";"2023-11-13T11:10:00.000Z";"2023-11-18T07:23:00.000Z";"2781";0.1084181811;0.1105931096;0.101577366;0.1034990172;1777595056.21;9172924326.62;88628129776.18;"2023-11-19T23:59:59.999Z"
"2023-11-06T00:00:00.000Z";"2023-11-12T23:59:59.999Z";"2023-11-10T11:26:00.000Z";"2023-11-07T17:10:00.000Z";"2781";0.0982197563;0.1115186152;0.0960680409;0.1084107727;2242217253.05;9614779849.43;88688417344.12;"2023-11-12T23:59:59.999Z"
"2023-10-30T00:00:00.000Z";"2023-11-05T23:59:59.999Z";"2023-11-02T03:14:00.000Z";"2023-10-30T07:31:00.000Z";"2781";0.094875671;0.1009527689;0.0941585396;0.0982199645;1604876329.49;8717440860.63;88754266084.42;"2023-11-05T23:59:59.999Z"
"2023-10-23T00:00:00.000Z";"2023-10-29T23:59:59.999Z";"2023-10-29T17:53:00.000Z";"2023-10-23T13:38:00.000Z";"2781";0.0903936493;0.0951625353;0.0901652848;0.0948787554;1552299922.98;8426596795.82;88814369065.96;"2023-10-29T23:59:59.999Z"
"2023-10-16T00:00:00.000Z";"2023-10-22T23:59:59.999Z";"2023-10-20T10:25:00.000Z";"2023-10-16T00:43:00.000Z";"2781";0.0866838791;0.0920358007;0.0866427861;0.0903810558;1347511462.23;8033271432.71;88882248218.43;"2023-10-22T23:59:59.999Z"
"2023-10-09T00:00:00.000Z";"2023-10-15T23:59:59.999Z";"2023-10-09T04:27:00.000Z";"2023-10-13T00:48:00.000Z";"2781";0.0880225738;0.0882837517;0.0847962383;0.0866834798;1042673344.24;7709396221.5;88937318171.18;"2023-10-15T23:59:59.999Z"
"2023-10-02T00:00:00.000Z";"2023-10-08T23:59:59.999Z";"2023-10-04T00:00:00.000Z";"2023-10-06T09:43:00.000Z";"2781";0.0901144821;0.0908668077;0.0854927733;0.0880237066;1268543680.89;7834143794.92;89000385246.38;"2023-10-08T23:59:59.999Z"
"2023-09-25T00:00:00.000Z";"2023-10-01T23:59:59.999Z";"2023-10-01T23:28:00.000Z";"2023-09-25T00:37:00.000Z";"2781";0.0836125173;0.0903153186;0.0833714506;0.0901179893;1143159035.97;8025916797.69;89060096201.38;"2023-10-01T23:59:59.999Z"
"2023-09-18T00:00:00.000Z";"2023-09-24T23:59:59.999Z";"2023-09-20T01:55:00.000Z";"2023-09-21T14:04:00.000Z";"2781";0.0833787573;0.0850053032;0.0829222288;0.0836119396;1088726151.74;7451962421.53;89125577719.23;"2023-09-24T23:59:59.999Z"
"2023-09-11T00:00:00.000Z";"2023-09-17T23:59:59.999Z";"2023-09-16T02:16:00.000Z";"2023-09-11T19:55:00.000Z";"2781";0.0783271194;0.0844481419;0.0771013711;0.0833800851;1334238824.28;7436134568.09;89183580890.84;"2023-09-17T23:59:59.999Z"
"2023-09-04T00:00:00.000Z";"2023-09-10T23:59:59.999Z";"2023-09-08T00:58:00.000Z";"2023-09-04T13:04:00.000Z";"2781";0.0770390928;0.0794470889;0.0767425348;0.078327728;970673143.18;6990176522.24;89242682008.48;"2023-09-10T23:59:59.999Z"
"2023-08-28T00:00:00.000Z";"2023-09-03T23:59:59.999Z";"2023-08-29T16:49:00.000Z";"2023-08-31T17:25:00.000Z";"2781";0.0775145017;0.0779889596;0.0753174558;0.0770407969;1137608955.82;6879948257.01;89302662176.31;"2023-09-03T23:59:59.999Z"
"2023-08-21T00:00:00.000Z";"2023-08-27T23:59:59.999Z";"2023-08-24T04:10:00.000Z";"2023-08-21T15:37:00.000Z";"2781";0.075903752;0.0779029474;0.0742580523;0.07751548;1117101918.65;6927112803.25;89364250951.28;"2023-08-27T23:59:59.999Z"
"2023-08-14T00:00:00.000Z";"2023-08-20T23:59:59.999Z";"2023-08-14T17:06:00.000Z";"2023-08-17T22:10:00.000Z";"2781";0.0771118589;0.0775385728;0.0720620478;0.0759017422;1345267841.11;6787136747.23;89420038974.58;"2023-08-20T23:59:59.999Z"
"2023-08-07T00:00:00.000Z";"2023-08-13T23:59:59.999Z";"2023-08-13T19:46:00.000Z";"2023-08-07T16:53:00.000Z";"2781";0.0768477349;0.0775781615;0.0761142565;0.0771083333;1128682296.8;6899883266.18;89482977635.74;"2023-08-13T23:59:59.999Z"
"2023-07-31T00:00:00.000Z";"2023-08-06T23:59:59.999Z";"2023-07-31T01:03:00.000Z";"2023-08-05T03:49:00.000Z";"2781";0.0800277667;0.0802785062;0.0759255372;0.0768484326;1345413862.9;6881851198.69;89550963678.41;"2023-08-06T23:59:59.999Z"
"2023-07-24T00:00:00.000Z";"2023-07-30T23:59:59.999Z";"2023-07-28T23:27:00.000Z";"2023-07-30T20:13:00.000Z";"2781";0.0833594331;0.0853115363;0.0794848873;0.0800264675;1523437768.71;7172404391.54;89625402940.03;"2023-07-30T23:59:59.999Z"
"2023-07-17T00:00:00.000Z";"2023-07-23T23:59:59.999Z";"2023-07-22T03:25:00.000Z";"2023-07-17T18:52:00.000Z";"2781";0.079817516;0.0931741447;0.0790858552;0.0833625991;1894128187.71;7477256803.74;89695581528.4;"2023-07-23T23:59:59.999Z"
"2023-07-10T00:00:00.000Z";"2023-07-16T23:59:59.999Z";"2023-07-14T15:32:00.000Z";"2023-07-10T08:24:00.000Z";"2781";0.077535053;0.08222347;0.0764402619;0.0798191273;1224713621.45;7165125468.61;89767023409.21;"2023-07-16T23:59:59.999Z"
"2023-07-03T00:00:00.000Z";"2023-07-09T23:59:59.999Z";"2023-07-09T04:19:00.000Z";"2023-07-03T00:45:00.000Z";"2781";0.0759844488;0.080389295;0.0758505509;0.0775338624;1078167075.05;6965812060.85;89842190798.97;"2023-07-09T23:59:59.999Z"
"2023-06-26T00:00:00.000Z";"2023-07-02T23:59:59.999Z";"2023-07-01T12:22:00.000Z";"2023-06-26T02:27:00.000Z";"2781";0.0732019201;0.0776647658;0.072458339;0.0759856542;1155142625.45;6831808003.19;89909181856.25;"2023-07-02T23:59:59.999Z"
"2023-06-19T00:00:00.000Z";"2023-06-25T23:59:59.999Z";"2023-06-22T05:50:00.000Z";"2023-06-20T09:07:00.000Z";"2781";0.0701209652;0.0740324746;0.0682192485;0.073203682;1229085956.6;6586582008.16;89976102686.89;"2023-06-25T23:59:59.999Z"
"2023-06-12T00:00:00.000Z";"2023-06-18T23:59:59.999Z";"2023-06-14T10:31:00.000Z";"2023-06-16T14:49:00.000Z";"2781";0.0701749309;0.0727542769;0.0691019546;0.0701205741;1155656344.9;6313729413.62;90041039992.01;"2023-06-18T23:59:59.999Z"
"2023-06-05T00:00:00.000Z";"2023-06-11T23:59:59.999Z";"2023-06-05T09:46:00.000Z";"2023-06-10T05:58:00.000Z";"2781";0.0814791642;0.081775001;0.0652768137;0.0701770454;1735072153.16;6323858325.69;90112917771.05;"2023-06-11T23:59:59.999Z"
"2023-05-29T00:00:00.000Z";"2023-06-04T23:59:59.999Z";"2023-06-03T11:11:00.000Z";"2023-06-01T07:40:00.000Z";"2781";0.077450338;0.085617924;0.0742799642;0.0814778241;1855491631.86;7348164173.89;90186062953.02;"2023-06-04T23:59:59.999Z"
"2023-05-22T00:00:00.000Z";"2023-05-28T23:59:59.999Z";"2023-05-23T03:25:00.000Z";"2023-05-22T04:20:00.000Z";"2781";0.0751212988;0.0793341509;0.0743259315;0.0774476252;1627424638.97;6991033697.4;90267889762.64;"2023-05-28T23:59:59.999Z"
"2023-05-15T00:00:00.000Z";"2023-05-21T23:59:59.999Z";"2023-05-21T14:35:00.000Z";"2023-05-15T00:56:00.000Z";"2781";0.0694007448;0.0764547083;0.0692147676;0.0751242564;1385060005.71;6787291289.4;90347533743.42;"2023-05-21T23:59:59.999Z"
"2023-05-08T00:00:00.000Z";"2023-05-14T23:59:59.999Z";"2023-05-10T12:51:00.000Z";"2023-05-11T19:46:00.000Z";"2781";0.0693365562;0.0703092086;0.0669544604;0.0694008287;1353135767.97;6276612523.11;90440022701.88;"2023-05-14T23:59:59.999Z"
"2023-05-01T00:00:00.000Z";"2023-05-07T23:59:59.999Z";"2023-05-05T16:19:00.000Z";"2023-05-01T01:53:00.000Z";"2781";0.0673429035;0.0713424804;0.066954095;0.0693416667;1477069519.44;6277462146.26;90529438452.71;"2023-05-07T23:59:59.999Z"
"2023-04-24T00:00:00.000Z";"2023-04-30T23:59:59.999Z";"2023-04-29T22:04:00.000Z";"2023-04-26T20:04:00.000Z";"2781";0.0666744368;0.0681695376;0.0642134567;0.0673432027;1302976051.13;6102864381.1;90623316590.79;"2023-04-30T23:59:59.999Z"
"2023-04-17T00:00:00.000Z";"2023-04-23T23:59:59.999Z";"2023-04-19T03:17:00.000Z";"2023-04-21T21:07:00.000Z";"2781";0.066553468;0.0671176293;0.0643944972;0.0666768907;1483910251.01;6048340461.44;90711195439.35;"2023-04-23T23:59:59.999Z"
"2023-04-10T00:00:00.000Z";"2023-04-16T23:59:59.999Z";"2023-04-11T04:04:00.000Z";"2023-04-12T02:21:00.000Z";"2781";0.0666538219;0.0676943318;0.0625955536;0.0665517836;1959027874.93;6043016493.61;90801721069.34;"2023-04-16T23:59:59.999Z"
"2023-04-03T00:00:00.000Z";"2023-04-09T23:59:59.999Z";"2023-04-09T22:08:00.000Z";"2023-04-03T01:52:00.000Z";"2781";0.0653023436;0.0668667203;0.0643983306;0.0666524884;1372258641.46;6058451213.4;90896099477.3;"2023-04-09T23:59:59.999Z"
"2023-03-27T00:00:00.000Z";"2023-04-02T23:59:59.999Z";"2023-04-01T13:19:00.000Z";"2023-03-27T15:13:00.000Z";"2781";0.0642176618;0.0670886349;0.0620483788;0.0653123484;1587705542.48;5943306249.58;90998201594.74;"2023-04-02T23:59:59.999Z"
"2023-03-20T00:00:00.000Z";"2023-03-26T23:59:59.999Z";"2023-03-22T14:23:00.000Z";"2023-03-22T20:01:00.000Z";"2781";0.0667596294;0.0681218862;0.0574812281;0.0642162329;2501926720.31;5849993346.77;91098357595.51;"2023-03-26T23:59:59.999Z"
"2023-03-13T00:00:00.000Z";"2023-03-19T23:59:59.999Z";"2023-03-14T15:19:00.000Z";"2023-03-15T17:04:00.000Z";"2781";0.0647307457;0.0690757202;0.0644006727;0.0667686046;2538526802.89;6088557901.75;91188934365.2;"2023-03-19T23:59:59.999Z"
"2023-03-06T00:00:00.000Z";"2023-03-12T23:59:59.999Z";"2023-03-06T18:31:00.000Z";"2023-03-11T08:04:00.000Z";"2781";0.0672552869;0.06764201;0.0553801443;0.0647100657;2357031968.59;5906625629.16;91278313024.66;"2023-03-12T23:59:59.999Z"
"2023-02-27T00:00:00.000Z";"2023-03-05T23:59:59.999Z";"2023-03-01T19:28:00.000Z";"2023-03-04T22:09:00.000Z";"2781";0.069511355;0.0702554298;0.0661867675;0.067255718;1458722955.17;6145122488.1;91369517297.75;"2023-03-05T23:59:59.999Z"
"2023-02-20T00:00:00.000Z";"2023-02-26T23:59:59.999Z";"2023-02-20T04:38:00.000Z";"2023-02-25T21:22:00.000Z";"2781";0.0704168088;0.0728914367;0.0669317234;0.0695130467;1754662235.31;6357703525.61;91460579313.69;"2023-02-26T23:59:59.999Z"
"2023-02-13T00:00:00.000Z";"2023-02-19T23:59:59.999Z";"2023-02-19T16:16:00.000Z";"2023-02-13T09:26:00.000Z";"2781";0.0638322106;0.0715589127;0.0631998218;0.0703847299;2164282415.74;6444085840.62;91555169051.13;"2023-02-19T23:59:59.999Z"
"2023-02-06T00:00:00.000Z";"2023-02-12T23:59:59.999Z";"2023-02-08T13:13:00.000Z";"2023-02-09T22:58:00.000Z";"2781";0.0640910019;0.0693434591;0.0621261126;0.0638368896;2654872386.04;5851088355.75;91656852272.49;"2023-02-12T23:59:59.999Z"
"2023-01-30T00:00:00.000Z";"2023-02-05T23:59:59.999Z";"2023-02-05T11:07:00.000Z";"2023-02-01T18:19:00.000Z";"2781";0.0637929477;0.0656496006;0.0615330781;0.0640854612;2239800069.17;5881459375.1;91775252432.92;"2023-02-05T23:59:59.999Z"
"2023-01-23T00:00:00.000Z";"2023-01-29T23:59:59.999Z";"2023-01-29T15:07:00.000Z";"2023-01-25T01:31:00.000Z";"2781";0.061681582;0.0643662252;0.0594354264;0.0637937012;1716035984.51;5857567539.47;91820468657.76;"2023-01-29T23:59:59.999Z"
"2023-01-16T00:00:00.000Z";"2023-01-22T23:59:59.999Z";"2023-01-16T05:49:00.000Z";"2023-01-19T00:05:00.000Z";"2781";0.0623533663;0.0631666831;0.0589199233;0.0616792501;1556600932.77;5665088296.32;91847554725.16;"2023-01-22T23:59:59.999Z"
"2023-01-09T00:00:00.000Z";"2023-01-15T23:59:59.999Z";"2023-01-14T07:04:00.000Z";"2023-01-09T00:25:00.000Z";"2781";0.0538953196;0.0655866083;0.0537910422;0.0623559396;2113429565.03;5729509401.35;91883939784.52;"2023-01-15T23:59:59.999Z"
"2023-01-02T00:00:00.000Z";"2023-01-08T23:59:59.999Z";"2023-01-04T07:04:00.000Z";"2023-01-06T04:32:00.000Z";"2781";0.0548176208;0.0556183081;0.0500699248;0.0538152954;1877931123.83;4947138156.38;91928105525.76;"2023-01-08T23:59:59.999Z"
"2022-12-26T00:00:00.000Z";"2023-01-01T23:59:59.999Z";"2022-12-31T02:43:00.000Z";"2022-12-29T21:22:00.000Z";"2781";0.0548193845;0.055041523;0.0533331119;0.0548196737;976991455.89;5041253171.65;91960656274.79;"2023-01-01T23:59:59.999Z"
"2022-12-19T00:00:00.000Z";"2022-12-25T23:59:59.999Z";"2022-12-22T22:20:00.000Z";"2022-12-19T22:38:00.000Z";"2781";0.0537906238;0.055769918;0.0532641256;0.0548140099;1035861248.36;5042409485.28;91991253671.07;"2022-12-25T23:59:59.999Z"
"2022-12-12T00:00:00.000Z";"2022-12-18T23:59:59.999Z";"2022-12-14T16:59:00.000Z";"2022-12-17T02:32:00.000Z";"2781";0.0539491525;0.0574178612;0.0520717313;0.0537876022;1914186575.76;4949745275.6;92023906549.84;"2022-12-18T23:59:59.999Z"
"2022-12-05T00:00:00.000Z";"2022-12-11T23:59:59.999Z";"2022-12-10T16:53:00.000Z";"2022-12-07T08:04:00.000Z";"2781";0.0531902763;0.0552895707;0.0525110242;0.0539506387;1222317371.48;4967059822.05;92066747302.41;"2022-12-11T23:59:59.999Z"
"2022-11-28T00:00:00.000Z";"2022-12-04T23:59:59.999Z";"2022-12-01T10:40:00.000Z";"2022-11-28T02:10:00.000Z";"2781";0.0532261758;0.0549623368;0.0520938049;0.0531935468;1451488694.7;4900297679.05;92122033179.35;"2022-12-04T23:59:59.999Z"
"2022-11-21T00:00:00.000Z";"2022-11-27T23:59:59.999Z";"2022-11-27T21:36:00.000Z";"2022-11-22T09:34:00.000Z";"2781";0.0500324385;0.0540863098;0.0491153408;0.0532373543;2666576118.99;4905912200.71;92151690511.9;"2022-11-27T23:59:59.999Z"
"2022-11-14T00:00:00.000Z";"2022-11-20T23:59:59.999Z";"2022-11-19T16:32:00.000Z";"2022-11-14T04:49:00.000Z";"2781";0.05088707;0.0525283601;0.0457984723;0.0500359312;3111477927.96;4612003655.87;92173834802.62;"2022-11-20T23:59:59.999Z"
"2022-11-07T00:00:00.000Z";"2022-11-13T23:59:59.999Z";"2022-11-09T05:43:00.000Z";"2022-11-13T17:35:00.000Z";"2781";0.0627496788;0.0645781535;0.0506054007;0.0508914333;6566240528.48;4692496380.27;92206017385.34;"2022-11-13T23:59:59.999Z"
"2022-10-31T00:00:00.000Z";"2022-11-06T23:59:59.999Z";"2022-11-06T10:38:00.000Z";"2022-11-03T00:07:00.000Z";"2781";0.0631351414;0.0652367922;0.0615072446;0.062753367;2500642266.9;5788111160.87;92235866173.53;"2022-11-06T23:59:59.999Z"
"2022-10-24T00:00:00.000Z";"2022-10-30T23:59:59.999Z";"2022-10-30T08:23:00.000Z";"2022-10-25T01:41:00.000Z";"2781";0.0618806865;0.0647251359;0.0612148743;0.0631357736;2332444113.76;5825119411.05;92263372733.41;"2022-10-30T23:59:59.999Z"
"2022-10-17T00:00:00.000Z";"2022-10-23T23:59:59.999Z";"2022-10-19T05:15:00.000Z";"2022-10-21T12:19:00.000Z";"2781";0.0618214817;0.0630221953;0.0608484887;0.0618802302;2245507691.11;5710865534.11;92289015698.6;"2022-10-23T23:59:59.999Z"
"2022-10-10T00:00:00.000Z";"2022-10-16T23:59:59.999Z";"2022-10-14T12:40:00.000Z";"2022-10-13T13:34:00.000Z";"2781";0.0624275578;0.0650062822;0.0595081073;0.061820915;3353115883.08;5706781944.51;92311508960.77;"2022-10-16T23:59:59.999Z"
"2022-10-03T00:00:00.000Z";"2022-10-09T23:59:59.999Z";"2022-10-07T03:21:00.000Z";"2022-10-03T00:05:00.000Z";"2781";0.0608826036;0.0632167449;0.0608271304;0.062426987;2034002515.49;5763907265.38;92330377361.03;"2022-10-09T23:59:59.999Z"
"2022-09-26T00:00:00.000Z";"2022-10-02T23:59:59.999Z";"2022-09-30T15:14:00.000Z";"2022-09-28T02:48:00.000Z";"2781";0.0597324229;0.0622325283;0.0585218363;0.0608790505;2633664502.32;5621615915.11;92340729146.91;"2022-10-02T23:59:59.999Z"
"2022-09-19T00:00:00.000Z";"2022-09-25T23:59:59.999Z";"2022-09-19T02:04:00.000Z";"2022-09-22T01:02:00.000Z";"2781";0.0608689098;0.061180441;0.0588363776;0.0597273975;2492569551.79;5516020772.38;92353275160.94;"2022-09-25T23:59:59.999Z"
"2022-09-12T00:00:00.000Z";"2022-09-18T23:59:59.999Z";"2022-09-12T01:54:00.000Z";"2022-09-14T00:07:00.000Z";"2781";0.064096291;0.0646607819;0.0606487052;0.0608755413;2511628604.55;5622583149.21;92361940869.59;"2022-09-18T23:59:59.999Z"
"2022-09-05T00:00:00.000Z";"2022-09-11T23:59:59.999Z";"2022-09-11T04:23:00.000Z";"2022-09-08T13:37:00.000Z";"2781";0.0635185631;0.0649256839;0.060187581;0.0640977815;2888610625.94;5920754258.75;92370658148.37;"2022-09-11T23:59:59.999Z"
"2022-08-29T00:00:00.000Z";"2022-09-04T23:59:59.999Z";"2022-08-30T14:40:00.000Z";"2022-08-29T01:49:00.000Z";"2781";0.0614689461;0.0665429053;0.0610668461;0.0635199642;2758279262.25;5867913136.98;92379037266.82;"2022-09-04T23:59:59.999Z"
"2022-08-22T00:00:00.000Z";"2022-08-28T23:59:59.999Z";"2022-08-23T00:58:00.000Z";"2022-08-27T05:47:00.000Z";"2781";0.0659817293;0.0666961902;0.0612414189;0.0614713764;2993829225.54;5679257770.7;92388654795.54;"2022-08-28T23:59:59.999Z"
"2022-08-15T00:00:00.000Z";"2022-08-21T23:59:59.999Z";"2022-08-15T03:40:00.000Z";"2022-08-19T23:14:00.000Z";"2781";0.0704030576;0.0710480799;0.0640223608;0.0659833321;2840140576.1;6096681387.8;92397294850.2;"2022-08-21T23:59:59.999Z"
"2022-08-08T00:00:00.000Z";"2022-08-14T23:59:59.999Z";"2022-08-14T10:01:00.000Z";"2022-08-10T00:50:00.000Z";"2781";0.0696333238;0.0721464876;0.0680350238;0.0703998168;2601093977.72;6505405779.45;92406572576.96;"2022-08-14T23:59:59.999Z"
"2022-08-01T00:00:00.000Z";"2022-08-07T23:59:59.999Z";"2022-08-01T21:17:00.000Z";"2022-08-03T01:21:00.000Z";"2781";0.0689364448;0.0713492507;0.0674183091;0.069632663;2678674451.03;6435238348.72;92416950237.64;"2022-08-07T23:59:59.999Z"
"2022-07-25T00:00:00.000Z";"2022-07-31T23:59:59.999Z";"2022-07-29T11:20:00.000Z";"2022-07-26T01:01:00.000Z";"2781";0.0669479568;0.0716583851;0.0631381435;0.068942687;4005862024.41;6372029570.11;92425025010.83;"2022-07-31T23:59:59.999Z"
"2022-07-18T00:00:00.000Z";"2022-07-24T23:59:59.999Z";"2022-07-18T08:14:00.000Z";"2022-07-23T18:08:00.000Z";"2781";0.067430706;0.0705170435;0.0661283975;0.0669440139;3830639349.63;6187915054.25;92434180299.35;"2022-07-24T23:59:59.999Z"
"2022-07-11T00:00:00.000Z";"2022-07-17T23:59:59.999Z";"2022-07-17T07:13:00.000Z";"2022-07-13T13:34:00.000Z";"2781";0.0676268324;0.0692728387;0.0637720537;0.0674274313;3725640185.89;6233233495.89;92443585285.97;"2022-07-17T23:59:59.999Z"
"2022-07-04T00:00:00.000Z";"2022-07-10T23:59:59.999Z";"2022-07-09T11:51:00.000Z";"2022-07-04T09:16:00.000Z";"2781";0.0662418071;0.0711870231;0.065623454;0.0676467317;4087611965.7;6256044022.34;92481097977.31;"2022-07-10T23:59:59.999Z"
"2022-06-27T00:00:00.000Z";"2022-07-03T23:59:59.999Z";"2022-06-27T10:31:00.000Z";"2022-06-30T13:46:00.000Z";"2781";0.0649722684;0.0700507584;0.0623365213;0.0662464059;4718804492.39;6127028339.99;92488464159.25;"2022-07-03T23:59:59.999Z"
"2022-06-20T00:00:00.000Z";"2022-06-26T23:59:59.999Z";"2022-06-24T22:19:00.000Z";"2022-06-20T05:06:00.000Z";"2781";0.06145211;0.0666143719;0.059586015;0.0649642166;3871290376.62;6009178176.49;92499817395.74;"2022-06-26T23:59:59.999Z"
"2022-06-13T00:00:00.000Z";"2022-06-19T23:59:59.999Z";"2022-06-13T00:37:00.000Z";"2022-06-15T08:04:00.000Z";"2781";0.0764101099;0.0765052158;0.0474388537;0.0614953773;10693907445.91;5689379150.29;92517184293.83;"2022-06-19T23:59:59.999Z"
"2022-06-06T00:00:00.000Z";"2022-06-12T23:59:59.999Z";"2022-06-06T09:55:00.000Z";"2022-06-12T05:34:00.000Z";"2781";0.0814341162;0.0847390069;0.0743718388;0.0764232583;5731866273.19;7072035291.84;92537735914.36;"2022-06-12T23:59:59.999Z"
"2022-05-30T00:00:00.000Z";"2022-06-05T23:59:59.999Z";"2022-06-01T12:53:00.000Z";"2022-06-04T04:00:00.000Z";"2781";0.0805054911;0.0909390641;0.0772154502;0.0814263241;6966198449.92;7590707469.74;93221787365.54;"2022-06-05T23:59:59.999Z"
"2022-05-23T00:00:00.000Z";"2022-05-29T23:59:59.999Z";"2022-05-26T02:32:00.000Z";"2022-05-23T15:02:00.000Z";"2781";0.0781278559;0.0862451842;0.0759694615;0.0805066834;9132980947.21;7564027713.24;93955276635.63;"2022-05-29T23:59:59.999Z"
"2022-05-16T00:00:00.000Z";"2022-05-22T23:59:59.999Z";"2022-05-22T22:53:00.000Z";"2022-05-16T15:46:00.000Z";"2781";0.0723608332;0.078396602;0.0675169484;0.0781306476;6398922505.19;7473363176.14;95652133981.26;"2022-05-22T23:59:59.999Z"
"2022-05-09T00:00:00.000Z";"2022-05-15T23:59:59.999Z";"2022-05-09T00:02:00.000Z";"2022-05-11T12:04:00.000Z";"2781";0.0875498484;0.0878206718;0.0636312811;0.0723578592;15267657197.57;7089172173.58;97973768829.5;"2022-05-15T23:59:59.999Z"
"2022-05-02T00:00:00.000Z";"2022-05-08T23:59:59.999Z";"2022-05-08T16:49:00.000Z";"2022-05-02T17:49:00.000Z";"2781";0.0709026167;0.0908689211;0.0648715469;0.087527189;18675154292.11;8626071847.17;98553054678.55;"2022-05-08T23:59:59.999Z"
"2022-04-25T00:00:00.000Z";"2022-05-01T23:59:59.999Z";"2022-05-01T23:28:00.000Z";"2022-04-26T23:31:00.000Z";"2781";0.0657020006;0.071497361;0.0617643921;0.0709063802;7392065810.79;7204837036.5;101610560566.33;"2022-05-01T23:59:59.999Z"
"2022-04-18T00:00:00.000Z";"2022-04-24T23:59:59.999Z";"2022-04-21T14:58:00.000Z";"2022-04-18T05:13:00.000Z";"2781";0.0602423647;0.0741187936;0.0590978922;0.0656969394;9620808505.13;6676854623.6;101631136564.43;"2022-04-24T23:59:59.999Z"
"2022-04-11T00:00:00.000Z";"2022-04-17T23:59:59.999Z";"2022-04-17T13:48:00.000Z";"2022-04-11T22:14:00.000Z";"2781";0.0625164973;0.06285091;0.0579845045;0.0602390954;7207710658.09;6123244444.74;101649010497.12;"2022-04-17T23:59:59.999Z"
"2022-04-04T00:00:00.000Z";"2022-04-10T23:59:59.999Z";"2022-04-04T00:00:00.000Z";"2022-04-08T23:46:00.000Z";"2781";0.073145705;0.073145705;0.062245324;0.0625353018;8627415030;6357708089.4;101665905616.24;"2022-04-10T23:59:59.999Z"
"2022-03-28T00:00:00.000Z";"2022-04-03T23:59:59.999Z";"2022-03-31T10:19:00.000Z";"2022-03-30T02:02:00.000Z";"2781";0.0691508636;0.0792975617;0.0677979853;0.0731577943;9209683448.76;7438923131.82;101683261516.73;"2022-04-03T23:59:59.999Z"
"2022-03-21T00:00:00.000Z";"2022-03-27T23:59:59.999Z";"2022-03-27T15:38:00.000Z";"2022-03-21T02:55:00.000Z";"2781";0.0614401282;0.0692637608;0.0609093343;0.0691704914;6875122330.84;7034548746.59;101698695569.96;"2022-03-27T23:59:59.999Z"
"2022-03-14T00:00:00.000Z";"2022-03-20T23:59:59.999Z";"2022-03-20T06:31:00.000Z";"2022-03-14T00:16:00.000Z";"2781";0.0593573451;0.062432777;0.0590346631;0.0614380275;5165621186.3;6248746824.55;101708128924.15;"2022-03-20T23:59:59.999Z"
"2022-03-07T00:00:00.000Z";"2022-03-13T23:59:59.999Z";"2022-03-09T04:46:00.000Z";"2022-03-10T05:13:00.000Z";"2781";0.0589174406;0.0625560173;0.0579444421;0.0593625353;6511685110;6038123248.06;101716060729.5;"2022-03-13T23:59:59.999Z"
"2022-02-28T00:00:00.000Z";"2022-03-06T23:59:59.999Z";"2022-03-02T04:11:00.000Z";"2022-02-28T06:34:00.000Z";"2781";0.0580383469;0.0628414253;0.0576138445;0.0589196953;5334354363.92;5993655739.75;101725844168.8;"2022-03-06T23:59:59.999Z"
"2022-02-21T00:00:00.000Z";"2022-02-27T23:59:59.999Z";"2022-02-23T17:19:00.000Z";"2022-02-25T18:23:00.000Z";"2781";0.0620582606;0.0637971107;0.0558985131;0.0580529829;8265063046.43;5906579508.43;101744634238.16;"2022-02-27T23:59:59.999Z"
"2022-02-14T00:00:00.000Z";"2022-02-20T23:59:59.999Z";"2022-02-17T01:22:00.000Z";"2022-02-20T08:49:00.000Z";"2781";0.0644312868;0.067088975;0.0611866219;0.0620657208;6278025605.54;6316407905.35;101769669617.52;"2022-02-20T23:59:59.999Z"
"2022-02-07T00:00:00.000Z";"2022-02-13T23:59:59.999Z";"2022-02-10T12:16:00.000Z";"2022-02-12T06:49:00.000Z";"2781";0.0662051087;0.0715583501;0.062483891;0.0644641403;7685917874.02;6561416688.58;101783978824.89;"2022-02-13T23:59:59.999Z"
"2022-01-31T00:00:00.000Z";"2022-02-06T23:59:59.999Z";"2022-02-06T23:46:00.000Z";"2022-01-31T02:07:00.000Z";"2781";0.0587347279;0.0662556548;0.0568337798;0.0662058479;5597354424.63;6739624754.35;101798027932.77;"2022-02-06T23:59:59.999Z"
"2022-01-24T00:00:00.000Z";"2022-01-30T23:59:59.999Z";"2022-01-30T07:57:00.000Z";"2022-01-24T13:08:00.000Z";"2781";0.0575787143;0.0604695655;0.0513705071;0.05873414;6334321386.89;5979231501.57;101801635311.66;"2022-01-30T23:59:59.999Z"
"2022-01-17T00:00:00.000Z";"2022-01-23T23:59:59.999Z";"2022-01-17T10:59:00.000Z";"2022-01-22T10:19:00.000Z";"2781";0.0698811434;0.0722240898;0.0532760533;0.0575725285;8424399237.28;5861547467.79;101811534400.9;"2022-01-23T23:59:59.999Z"
"2022-01-10T00:00:00.000Z";"2022-01-16T23:59:59.999Z";"2022-01-16T07:28:00.000Z";"2022-01-10T14:40:00.000Z";"2781";0.0662669141;0.0702297785;0.0616528303;0.069873256;6847937923.94;7115107615.69;101828768544.42;"2022-01-16T23:59:59.999Z"
"2022-01-03T00:00:00.000Z";"2022-01-09T23:59:59.999Z";"2022-01-03T14:04:00.000Z";"2022-01-08T19:53:00.000Z";"2781";0.0777780896;0.0780492978;0.064328095;0.0662672759;9580931071.54;6749014194.47;101845354269.38;"2022-01-09T23:59:59.999Z"
"2021-12-27T00:00:00.000Z";"2022-01-02T23:59:59.999Z";"2021-12-27T17:44:14.000Z";"2021-12-31T21:00:00.000Z";"2781";0.0815610304;0.082730019;0.0738532728;0.0777815526;8753416017.85;7922357701.96;101853941387.11;"2022-01-02T23:59:59.999Z"
"2021-12-20T00:00:00.000Z";"2021-12-26T23:59:59.999Z";"2021-12-24T10:00:27.000Z";"2021-12-20T14:23:13.000Z";"2781";0.0794766079;0.0832252382;0.0748906679;0.0815756041;8084593699.35;8309592456.12;101863695052.98;"2021-12-26T23:59:59.999Z"
"2021-12-13T00:00:00.000Z";"2021-12-19T23:59:59.999Z";"2021-12-13T00:16:10.000Z";"2021-12-17T14:46:11.000Z";"2781";0.0911508429;0.0916911782;0.0786445237;0.0795255772;10123314198.07;8101504285.91;101872939198.22;"2021-12-19T23:59:59.999Z"
"2021-12-06T00:00:00.000Z";"2021-12-12T23:59:59.999Z";"2021-12-08T15:25:09.000Z";"2021-12-06T11:16:09.000Z";"2781";0.0843658348;0.093888216;0.0790797105;0.091135669;10046474911.96;9285401288.9;101885478939.39;"2021-12-12T23:59:59.999Z"
"2021-11-29T00:00:00.000Z";"2021-12-05T23:59:59.999Z";"2021-12-03T13:34:10.000Z";"2021-12-04T05:28:10.000Z";"2781";0.0952247439;0.1019003025;0.0739188011;0.0843281726;15682241222.14;8593053134.85;101900146370.88;"2021-12-05T23:59:59.999Z"
"2021-11-22T00:00:00.000Z";"2021-11-28T23:59:59.999Z";"2021-11-22T00:07:11.000Z";"2021-11-28T18:43:11.000Z";"2781";0.1066811369;0.1071318934;0.0898113409;0.0951025844;15724064451.84;6815018615.59;71659657369.49;"2021-11-28T23:59:59.999Z"
"2021-11-15T00:00:00.000Z";"2021-11-21T23:59:59.999Z";"2021-11-15T11:44:10.000Z";"2021-11-19T03:46:10.000Z";"2781";0.1170714112;0.1290731969;0.0981893996;0.1068770796;18862944965.67;7658774902.65;71659657369.49;"2021-11-21T23:59:59.999Z"
"2021-11-08T00:00:00.000Z";"2021-11-14T23:59:59.999Z";"2021-11-10T01:12:23.000Z";"2021-11-10T21:25:10.000Z";"2781";0.104635162;0.1174892735;0.1033284642;0.1169467534;19350582292.64;8380364276.05;71659657369.49;"2021-11-14T23:59:59.999Z"
"2021-11-01T00:00:00.000Z";"2021-11-07T23:59:59.999Z";"2021-11-02T15:04:08.000Z";"2021-11-01T04:03:20.000Z";"2781";0.1015416993;0.1104332273;0.0981767554;0.1045853086;14299212097.55;7494547381.87;71659657369.49;"2021-11-07T23:59:59.999Z"
"2021-10-25T00:00:00.000Z";"2021-10-31T23:59:59.999Z";"2021-10-26T08:04:09.000Z";"2021-10-27T08:10:09.000Z";"2781";0.0991634926;0.1055934301;0.0891129828;0.10152652;17674119056.82;7275355636.81;71659657369.49;"2021-10-31T23:59:59.999Z"
"2021-10-18T00:00:00.000Z";"2021-10-24T23:59:59.999Z";"2021-10-20T08:58:09.000Z";"2021-10-18T10:20:10.000Z";"2781";0.0987435192;0.1060188976;0.0970652663;0.0992336732;9691132725.49;7111051021.02;71659657369.49;"2021-10-24T23:59:59.999Z"
"2021-10-11T00:00:00.000Z";"2021-10-17T23:59:59.999Z";"2021-10-15T13:13:10.000Z";"2021-10-12T10:17:09.000Z";"2781";0.0976533909;0.102745805;0.0916100508;0.0986901426;8632976576.24;7072101805.8;71659657369.49;"2021-10-17T23:59:59.999Z"
"2021-10-04T00:00:00.000Z";"2021-10-10T23:59:59.999Z";"2021-10-09T10:51:17.000Z";"2021-10-04T15:03:18.000Z";"2781";0.0950125133;0.1054162106;0.0902627393;0.0977480463;10808099102.67;7004591505.14;71659657369.49;"2021-10-10T23:59:59.999Z"
"2021-09-27T00:00:00.000Z";"2021-10-03T23:59:59.999Z";"2021-10-03T13:57:15.000Z";"2021-09-29T00:21:21.000Z";"2781";0.0878280836;0.0966178713;0.0826703061;0.0949808711;8181082160.8;6806296678.92;71659657369.49;"2021-10-03T23:59:59.999Z"
"2021-09-20T00:00:00.000Z";"2021-09-26T23:59:59.999Z";"2021-09-20T00:02:09.000Z";"2021-09-26T07:54:17.000Z";"2781";0.1037386935;0.1037782015;0.0835828904;0.0877163217;11670045386.76;6285721557.64;71659657369.49;"2021-09-26T23:59:59.999Z"
"2021-09-13T00:00:00.000Z";"2021-09-19T23:59:59.999Z";"2021-09-15T17:04:09.000Z";"2021-09-13T14:20:08.000Z";"2781";0.11247901;0.1226870558;0.0996529232;0.1037437985;16878044712;7434245052.66;71659657369.49;"2021-09-19T23:59:59.999Z"
"2021-09-06T00:00:00.000Z";"2021-09-12T23:59:59.999Z";"2021-09-12T13:23:08.000Z";"2021-09-07T15:10:08.000Z";"2781";0.10521352;0.11783229;0.07805482;0.11266819;18090796015.23;8073763876.49;71659657369.49;"2021-09-12T23:59:59.999Z"
"2021-08-30T00:00:00.000Z";"2021-09-05T23:59:59.999Z";"2021-09-03T06:10:08.000Z";"2021-08-31T02:19:26.000Z";"2781";0.08857285;0.10584269;0.08522686;0.10514662;10854025734.38;7534770701.84;71659657369.49;"2021-09-05T23:59:59.999Z"
"2021-08-23T00:00:00.000Z";"2021-08-29T23:59:59.999Z";"2021-08-23T09:29:10.000Z";"2021-08-27T00:37:42.000Z";"2781";0.08805919;0.0914099;0.08163355;0.08859082;8500639647.4;6348387811.56;71659657369.49;"2021-08-29T23:59:59.999Z"
"2021-08-16T00:00:00.000Z";"2021-08-22T23:59:59.999Z";"2021-08-16T12:02:07.000Z";"2021-08-18T01:16:08.000Z";"2781";0.09300178;0.09651106;0.08155268;0.08811249;8011246241.04;6314110590.43;71659657369.49;"2021-08-22T23:59:59.999Z"
"2021-08-09T00:00:00.000Z";"2021-08-15T23:59:59.999Z";"2021-08-15T00:21:07.000Z";"2021-08-09T01:15:16.000Z";"2781";0.0718985;0.09504601;0.06980801;0.09309812;11121969131.44;6671379353.66;71659657369.49;"2021-08-15T23:59:59.999Z"
"2021-08-02T00:00:00.000Z";"2021-08-08T23:59:59.999Z";"2021-08-07T12:26:08.000Z";"2021-08-02T01:02:11.000Z";"2781";0.063247;0.07648137;0.06234404;0.07186425;8889440026.07;5149767466.71;71659657369.49;"2021-08-08T23:59:59.999Z"
"2021-07-26T00:00:00.000Z";"2021-08-01T23:59:59.999Z";"2021-08-01T04:19:16.000Z";"2021-07-27T01:40:08.000Z";"2781";0.05791391;0.06679199;0.05696804;0.06331778;7957256753;4537330584.75;71659657369.49;"2021-08-01T23:59:59.999Z"
"2021-07-19T00:00:00.000Z";"2021-07-25T23:59:59.999Z";"2021-07-25T12:43:09.000Z";"2021-07-20T10:01:08.000Z";"2781";0.05599023;0.05810757;0.04916722;0.05787992;4592161176.16;4147655558.85;71659657369.49;"2021-07-25T23:59:59.999Z"
"2021-07-12T00:00:00.000Z";"2021-07-18T23:59:59.999Z";"2021-07-12T06:43:08.000Z";"2021-07-17T02:24:07.000Z";"2781";0.06185375;0.06285648;0.05484975;0.05605133;4416391716.46;4016619355.35;71659657369.49;"2021-07-18T23:59:59.999Z"
"2021-07-05T00:00:00.000Z";"2021-07-11T23:59:59.999Z";"2021-07-05T00:39:20.000Z";"2021-07-09T01:13:15.000Z";"2781";0.0673296;0.0673438;0.05917657;0.06182298;4916720247.91;4430213503.31;71659657369.49;"2021-07-11T23:59:59.999Z"
"2021-06-28T00:00:00.000Z";"2021-07-04T23:59:59.999Z";"2021-06-29T13:57:10.000Z";"2021-07-02T03:53:13.000Z";"2781";0.06479539;0.06983757;0.06336868;0.06729835;6641563337.02;4822576838.98;71659657369.49;"2021-07-04T23:59:59.999Z"
"2021-06-21T00:00:00.000Z";"2021-06-27T23:59:59.999Z";"2021-06-25T02:40:09.000Z";"2021-06-22T13:56:09.000Z";"2781";0.06768778;0.06847209;0.04682084;0.0647795;9250232822.3;4642076651.35;71659657369.49;"2021-06-27T23:59:59.999Z"
"2021-06-14T00:00:00.000Z";"2021-06-20T23:59:59.999Z";"2021-06-18T08:47:08.000Z";"2021-06-20T12:27:09.000Z";"2781";0.07151393;0.07476216;0.06342561;0.06783275;6737342525.69;4860871937.39;71659657369.49;"2021-06-20T23:59:59.999Z"
"2021-06-07T00:00:00.000Z";"2021-06-13T23:59:59.999Z";"2021-06-07T02:52:11.000Z";"2021-06-12T05:07:10.000Z";"2781";0.07752569;0.07861427;0.06581766;0.07155609;8478560700.1;5127685013.03;71659657369.49;"2021-06-13T23:59:59.999Z"
"2021-05-31T00:00:00.000Z";"2021-06-06T23:59:59.999Z";"2021-06-04T00:26:10.000Z";"2021-05-31T04:23:13.000Z";"2781";0.07199684;0.08289112;0.06987901;0.07750709;9422706116.12;5554131772.77;71659657369.49;"2021-06-06T23:59:59.999Z"
"2021-05-24T00:00:00.000Z";"2021-05-30T23:59:59.999Z";"2021-05-26T08:04:12.000Z";"2021-05-24T01:15:09.000Z";"2781";0.06298919;0.08441154;0.0619913;0.07203628;14423457240.33;5162094842.93;71659657369.49;"2021-05-30T23:59:59.999Z"
"2021-05-17T00:00:00.000Z";"2021-05-23T23:59:59.999Z";"2021-05-18T11:51:17.000Z";"2021-05-23T16:44:08.000Z";"2781";0.11957063;0.11992851;0.05572587;0.06318105;19992399751.66;4527532178.7;71659657369.49;"2021-05-23T23:59:59.999Z"
"2021-05-10T00:00:00.000Z";"2021-05-16T23:59:59.999Z";"2021-05-10T05:02:08.000Z";"2021-05-13T00:05:06.000Z";"2781";0.14292381;0.1481387;0.10805307;0.11950581;27383093585.28;8563745425.26;71659657369.49;"2021-05-16T23:59:59.999Z"
"2021-05-03T00:00:00.000Z";"2021-05-09T23:59:59.999Z";"2021-05-07T01:03:18.000Z";"2021-05-05T00:03:07.000Z";"2781";0.12764767;0.1691615;0.11787779;0.14287514;30989810940.47;10238383825.73;71659657369.49;"2021-05-09T23:59:59.999Z"
"2021-04-26T00:00:00.000Z";"2021-05-02T23:59:59.999Z";"2021-05-01T03:30:16.000Z";"2021-04-26T00:05:10.000Z";"2781";0.10168396;0.13344941;0.10036378;0.12765305;16228289306.54;9147573886.83;71659657369.49;"2021-05-02T23:59:59.999Z"
"2021-04-19T00:00:00.000Z";"2021-04-25T23:59:59.999Z";"2021-04-19T01:38:10.000Z";"2021-04-23T02:26:10.000Z";"2781";0.14307871;0.14776951;0.09101685;0.10147089;30143225058.13;7271369540.91;71659657369.49;"2021-04-25T23:59:59.999Z"
"2021-04-12T00:00:00.000Z";"2021-04-18T23:59:59.999Z";"2021-04-17T03:37:11.000Z";"2021-04-12T00:07:09.000Z";"2781";0.12229742;0.17993382;0.12190394;0.1428787;55226060175.25;10238638365.64;71659657369.49;"2021-04-18T23:59:59.999Z"
"2021-04-05T00:00:00.000Z";"2021-04-11T23:59:59.999Z";"2021-04-05T20:09:10.000Z";"2021-04-07T20:26:10.000Z";"2781";0.12932119;0.14914619;0.10416044;0.12235264;51373419789.72;8767748385.56;71659657369.49;"2021-04-11T23:59:59.999Z"
"2021-03-29T00:00:00.000Z";"2021-04-04T23:59:59.999Z";"2021-04-04T23:58:10.000Z";"2021-03-29T01:46:09.000Z";"2781";0.0635918;0.12946971;0.06339891;0.12937339;47189009657.28;9270853014.9;71659657369.49;"2021-04-04T23:59:59.999Z"
"2021-03-22T00:00:00.000Z";"2021-03-28T23:59:59.999Z";"2021-03-27T08:10:11.000Z";"2021-03-25T12:38:09.000Z";"2781";0.06332285;0.06766932;0.05367783;0.06356293;15938891997.95;4554898078.16;71659657369.49;"2021-03-28T23:59:59.999Z"
"2021-03-15T00:00:00.000Z";"2021-03-21T23:59:59.999Z";"2021-03-20T13:46:10.000Z";"2021-03-15T09:51:20.000Z";"2781";0.05129035;0.06828518;0.04872309;0.06329613;16312779066.19;4535779059.06;71659657369.49;"2021-03-21T23:59:59.999Z"
"2021-03-08T00:00:00.000Z";"2021-03-14T23:59:59.999Z";"2021-03-13T15:04:11.000Z";"2021-03-13T01:40:12.000Z";"2781";0.05170865;0.05392133;0.04898698;0.05130068;10895827018.27;3676189494.54;71659657369.49;"2021-03-14T23:59:59.999Z"
"2021-03-01T00:00:00.000Z";"2021-03-07T23:59:59.999Z";"2021-03-04T14:38:10.000Z";"2021-03-01T06:49:10.000Z";"2781";0.04565978;0.05333479;0.04514929;0.05172152;11019355371.34;3706346586.9;71659657369.49;"2021-03-07T23:59:59.999Z"
"2021-02-22T00:00:00.000Z";"2021-02-28T23:59:59.999Z";"2021-02-22T00:01:09.000Z";"2021-02-23T09:13:09.000Z";"2781";0.0594593;0.05947825;0.03877621;0.04564734;15011839613.23;3271072800.16;71659657369.49;"2021-02-28T23:59:59.999Z"
"2021-02-15T00:00:00.000Z";"2021-02-21T23:59:59.999Z";"2021-02-19T07:34:09.000Z";"2021-02-15T02:35:11.000Z";"2781";0.05550405;0.06385036;0.04675626;0.05946833;19136379302.09;4261480373.31;71659657369.49;"2021-02-21T23:59:59.999Z"
"2021-02-08T00:00:00.000Z";"2021-02-14T23:59:59.999Z";"2021-02-13T18:28:10.000Z";"2021-02-08T02:55:10.000Z";"2781";0.03595833;0.06071932;0.035317;0.05554395;23868145154.9;3980260179.2;71659657369.49;"2021-02-14T23:59:59.999Z"
"2021-02-01T00:00:00.000Z";"2021-02-07T23:59:59.999Z";"2021-02-07T13:13:09.000Z";"2021-02-01T00:10:08.000Z";"2781";0.03159271;0.03715202;0.03127384;0.0359719;11712671923.03;2577733792.61;71659657369.49;"2021-02-07T23:59:59.999Z"
"2021-01-25T00:00:00.000Z";"2021-01-31T23:59:59.999Z";"2021-01-29T13:58:08.000Z";"2021-01-27T14:53:09.000Z";"2781";0.03001595;0.04285197;0.02760914;0.03160317;73578881290.23;2264672300.14;71659657369.49;"2021-01-31T23:59:59.999Z"
"2021-01-18T00:00:00.000Z";"2021-01-24T23:59:59.999Z";"2021-01-19T08:49:09.000Z";"2021-01-22T01:19:08.000Z";"2781";0.03014994;0.0321963;0.02643636;0.03002034;8142686919.58;2151247381.73;71659657369.49;"2021-01-24T23:59:59.999Z"
"2021-01-11T00:00:00.000Z";"2021-01-17T23:59:59.999Z";"2021-01-11T00:00:08.000Z";"2021-01-11T16:47:07.000Z";"2781";0.03292533;0.03292533;0.02710893;0.03014067;9920515154.92;2159870004.61;71659657369.49;"2021-01-17T23:59:59.999Z"
"2021-01-04T00:00:00.000Z";"2021-01-10T23:59:59.999Z";"2021-01-10T06:17:08.000Z";"2021-01-05T02:38:07.000Z";"2781";0.0295256;0.03670608;0.02724521;0.03293481;13301637034.21;2360097139.09;71659657369.49;"2021-01-10T23:59:59.999Z"
"2020-12-28T00:00:00.000Z";"2021-01-03T23:59:59.999Z";"2020-12-28T14:58:07.000Z";"2020-12-31T13:17:08.000Z";"2781";0.02885562;0.0302428;0.02616798;0.02949452;7387818714.06;2113567006.58;71659657369.49;"2021-01-03T23:59:59.999Z"
"2020-12-21T00:00:00.000Z";"2020-12-27T23:59:59.999Z";"2020-12-21T01:56:08.000Z";"2020-12-23T22:25:13.000Z";"2781";0.03122931;0.03180619;0.02413375;0.02884619;7278273807.13;2067107839.2;71659657369.49;"2020-12-27T23:59:59.999Z"
"2020-12-14T00:00:00.000Z";"2020-12-20T23:59:59.999Z";"2020-12-20T15:31:07.000Z";"2020-12-14T12:42:07.000Z";"2781";0.0291882;0.03267605;0.02866487;0.03122526;5504548248.15;2237591259.66;71659657369.49;"2020-12-20T23:59:59.999Z"
"2020-12-07T00:00:00.000Z";"2020-12-13T23:59:59.999Z";"2020-12-07T00:04:07.000Z";"2020-12-09T08:39:07.000Z";"2781";0.03091924;0.03098178;0.02707744;0.02918404;4576857350.75;2091318238.66;71659657369.49;"2020-12-13T23:59:59.999Z"
"2020-11-30T00:00:00.000Z";"2020-12-06T23:59:59.999Z";"2020-12-01T07:34:07.000Z";"2020-12-04T22:58:07.000Z";"2781";0.03070123;0.0339957;0.02919579;0.03092528;7823551285.57;2216094907.48;71659657369.49;"2020-12-06T23:59:59.999Z"
"2020-11-23T00:00:00.000Z";"2020-11-29T23:59:59.999Z";"2020-11-24T05:56:07.000Z";"2020-11-26T08:52:07.000Z";"2781";0.02869946;0.03874393;0.02747493;0.03069862;12361045759.85;2199852493.7;71659657369.49;"2020-11-29T23:59:59.999Z"
"2020-11-16T00:00:00.000Z";"2020-11-22T23:59:59.999Z";"2020-11-22T00:21:07.000Z";"2020-11-16T02:43:07.000Z";"2781";0.02540897;0.03067097;0.02523329;0.02869945;8450272400.16;2056592720.82;71659657369.49;"2020-11-22T23:59:59.999Z"
"2020-11-09T00:00:00.000Z";"2020-11-15T23:59:59.999Z";"2020-11-15T16:09:07.000Z";"2020-11-10T00:32:07.000Z";"2781";0.02536506;0.02585371;0.02470629;0.02540897;5048616241.79;1820797810.32;71659657369.49;"2020-11-15T23:59:59.999Z"
"2020-11-02T00:00:00.000Z";"2020-11-08T23:59:59.999Z";"2020-11-07T12:58:07.000Z";"2020-11-03T04:35:08.000Z";"2781";0.02572727;0.02663015;0.02316906;0.02536509;5995450248.64;1817653512.4;71659657369.49;"2020-11-08T23:59:59.999Z"
"2020-10-26T00:00:00.000Z";"2020-11-01T23:59:59.999Z";"2020-10-26T04:40:08.000Z";"2020-10-30T10:43:07.000Z";"2781";0.02693529;0.02737731;0.02532095;0.02572745;6511922985.93;1843620256.35;71659657369.49;"2020-11-01T23:59:59.999Z"
"2020-10-19T00:00:00.000Z";"2020-10-25T23:59:59.999Z";"2020-10-20T16:05:35.000Z";"2020-10-20T13:55:35.000Z";"2781";0.02595147;0.02863072;0.02528986;0.02693528;7969355060.68;1930173253.5;71659657369.49;"2020-10-25T23:59:59.999Z"
"2020-10-12T00:00:00.000Z";"2020-10-18T23:59:59.999Z";"2020-10-12T20:19:33.000Z";"2020-10-16T09:25:39.000Z";"2781";0.02644141;0.0278026;0.02532977;0.02593621;7468090768.69;1858579869.16;71659657369.49;"2020-10-18T23:59:59.999Z"
"2020-10-05T00:00:00.000Z";"2020-10-11T23:59:59.999Z";"2020-10-10T03:58:32.000Z";"2020-10-07T01:44:31.000Z";"2781";0.02638701;0.02727775;0.02501479;0.02646722;8647594779.38;1896631752.62;71659657369.49;"2020-10-11T23:59:59.999Z"
"2020-09-28T00:00:00.000Z";"2020-10-04T23:59:59.999Z";"2020-10-03T16:51:33.000Z";"2020-10-02T10:38:32.000Z";"2781";0.02660434;0.02842482;0.02411006;0.02636138;9165960505.49;1889047249.6;71659657369.49;"2020-10-04T23:59:59.999Z"
"2020-09-21T00:00:00.000Z";"2020-09-27T23:59:59.999Z";"2020-09-26T01:58:38.000Z";"2020-09-24T00:11:34.000Z";"2781";0.02694916;0.02887622;0.02453908;0.02658886;14388100063.3;1905348243.38;71659657369.49;"2020-09-27T23:59:59.999Z"
"2020-09-14T00:00:00.000Z";"2020-09-20T23:59:59.999Z";"2020-09-14T13:30:42.000Z";"2020-09-16T22:13:54.000Z";"2781";0.03064915;0.03138565;0.02619222;0.02690517;22614261875.72;1928015099.51;71659657369.49;"2020-09-20T23:59:59.999Z"
"2020-09-07T00:00:00.000Z";"2020-09-13T23:59:59.999Z";"2020-09-09T00:50:41.000Z";"2020-09-07T12:53:35.000Z";"2781";0.03148014;0.03587505;0.02850235;0.0306117;18722843813.34;2193623916.14;71659657369.49;"2020-09-13T23:59:59.999Z"
"2020-08-31T00:00:00.000Z";"2020-09-06T23:59:59.999Z";"2020-09-03T18:26:54.000Z";"2020-08-31T07:27:56.000Z";"2781";0.02671751;0.0487412;0.02317065;0.03157777;26711281344.02;2262852470.45;71659657369.49;"2020-09-06T23:59:59.999Z"
"2020-08-24T00:00:00.000Z";"2020-08-30T23:59:59.999Z";"2020-08-30T15:46:43.000Z";"2020-08-27T17:09:45.000Z";"2781";0.02455793;0.02685872;0.02241828;0.02673523;5093020113.63;1915837421.5;71659657369.49;"2020-08-30T23:59:59.999Z"
"2020-08-17T00:00:00.000Z";"2020-08-23T23:59:59.999Z";"2020-08-18T03:04:07.000Z";"2020-08-22T00:57:15.000Z";"2781";0.02788841;0.03209;0.02358552;0.02459651;8727032059.29;1762577479.09;71659657369.49;"2020-08-23T23:59:59.999Z"
"2020-08-10T00:00:00.000Z";"2020-08-16T23:59:59.999Z";"2020-08-16T22:47:06.000Z";"2020-08-12T03:10:01.000Z";"2781";0.02015369;0.02815292;0.01973533;0.02788563;4713729149.87;1998274691.34;71659657369.49;"2020-08-16T23:59:59.999Z"
"2020-08-03T00:00:00.000Z";"2020-08-09T23:59:59.999Z";"2020-08-07T09:23:01.000Z";"2020-08-03T00:06:27.000Z";"2781";0.0190559692;0.0210596895;0.0189362246;0.0204725502;383920387.08;1467055935.28;71659657369.49;"2020-08-09T23:59:59.999Z"
"2020-07-27T00:00:00.000Z";"2020-08-02T23:59:59.999Z";"2020-08-02T03:53:05.000Z";"2020-07-27T15:22:04.000Z";"2781";0.0185252236;0.0211217652;0.0178257305;0.019039175;764416764.22;1364340754.96;71659657369.49;"2020-08-02T23:59:59.999Z"
"2020-07-20T00:00:00.000Z";"2020-07-26T23:59:59.999Z";"2020-07-26T08:26:05.000Z";"2020-07-20T19:55:12.000Z";"2781";0.0174790226;0.0191656905;0.0170998394;0.0185248275;456539888.18;1327482791.03;71659657369.49;"2020-07-26T23:59:59.999Z"
"2020-07-13T00:00:00.000Z";"2020-07-19T23:59:59.999Z";"2020-07-13T12:53:06.000Z";"2020-07-16T10:15:08.000Z";"2781";0.0181532901;0.0183376326;0.0167687998;0.0174774798;335531449.96;1165434572.51;66682072191.4;"2020-07-19T23:59:59.999Z"
"2020-07-06T00:00:00.000Z";"2020-07-12T23:59:59.999Z";"2020-07-09T06:44:02.000Z";"2020-07-06T00:00:15.000Z";"2781";0.0168404697;0.0187823381;0.0168404697;0.0181532901;427938227.4;1210498998.69;66682072191.4;"2020-07-12T23:59:59.999Z"
"2020-06-29T00:00:00.000Z";"2020-07-05T23:59:59.999Z";"2020-07-02T02:47:11.000Z";"2020-06-29T08:26:00.000Z";"2781";0.0158155917;0.0172256696;0.015794758;0.0168404697;649642720.74;1122957416.64;66682072191.4;"2020-07-05T23:59:59.999Z"
"2020-06-22T00:00:00.000Z";"2020-06-28T23:59:59.999Z";"2020-06-24T07:06:07.000Z";"2020-06-27T19:54:05.000Z";"2781";0.0158383297;0.0168177766;0.0152361515;0.0158152679;524320333.49;1054594838.09;66682072191.4;"2020-06-28T23:59:59.999Z"
"2020-06-15T00:00:00.000Z";"2020-06-21T23:59:59.999Z";"2020-06-17T13:24:02.000Z";"2020-06-15T06:36:05.000Z";"2781";0.0162568146;0.0164501838;0.0151702058;0.0158393691;912842171.52;1056201955.23;66682072191.4;"2020-06-21T23:59:59.999Z"
"2020-06-08T00:00:00.000Z";"2020-06-14T23:59:59.999Z";"2020-06-08T08:18:02.000Z";"2020-06-11T17:03:11.000Z";"2781";0.0181932803;0.0185584915;0.0156479213;0.0162568146;1332912266.17;1084038087.57;66682072191.4;"2020-06-14T23:59:59.999Z"
"2020-06-01T00:00:00.000Z";"2020-06-07T23:59:59.999Z";"2020-06-07T20:45:03.000Z";"2020-06-01T00:06:03.000Z";"2781";0.0158703161;0.0181986666;0.0158158948;0.0181790037;1796519391.67;1212213636.77;66682072191.4;"2020-06-07T23:59:59.999Z"
"2020-05-25T00:00:00.000Z";"2020-05-31T23:59:59.999Z";"2020-05-31T12:09:03.000Z";"2020-05-25T03:24:02.000Z";"2781";0.0143905473;0.0171020127;0.0142580077;0.0158911107;1730497289.03;1059652188.51;66682072191.4;"2020-05-31T23:59:59.999Z"
"2020-05-18T00:00:00.000Z";"2020-05-24T23:59:59.999Z";"2020-05-23T03:05:03.000Z";"2020-05-21T19:05:05.000Z";"2781";0.0150105996;0.01558899;0.013920572;0.0144296042;1484128068.05;962195908.36;66682072191.4;"2020-05-24T23:59:59.999Z"
"2020-05-11T00:00:00.000Z";"2020-05-17T23:59:59.999Z";"2020-05-14T22:55:04.000Z";"2020-05-11T18:25:02.000Z";"2781";0.0142857289;0.0153230379;0.0134829387;0.0150038998;1507268888.77;1000491131.7;66682072191.4;"2020-05-17T23:59:59.999Z"
"2020-05-04T00:00:00.000Z";"2020-05-10T23:59:59.999Z";"2020-05-05T09:50:03.000Z";"2020-05-10T17:04:01.000Z";"2781";0.016024754;0.0166271479;0.0137047012;0.0142827351;1751400504.08;952402372.54;66682072191.4;"2020-05-10T23:59:59.999Z"
"2020-04-27T00:00:00.000Z";"2020-05-03T23:59:59.999Z";"2020-04-30T06:21:03.000Z";"2020-04-27T00:02:06.000Z";"2781";0.0142554519;0.0166494137;0.0142506203;0.016020318;1561508724.22;1068267999.38;66682072191.4;"2020-05-03T23:59:59.999Z"
"2020-04-20T00:00:00.000Z";"2020-04-26T23:59:59.999Z";"2020-04-24T03:37:06.000Z";"2020-04-20T20:07:06.000Z";"2781";0.0130313511;0.0143295431;0.0123967985;0.0142523648;1396232783.2;950377220.37;66682072191.4;"2020-04-26T23:59:59.999Z"
"2020-04-13T00:00:00.000Z";"2020-04-19T23:59:59.999Z";"2020-04-18T23:01:09.000Z";"2020-04-16T03:21:06.000Z";"2781";0.0128925596;0.013444788;0.0120325023;0.0130320346;1297116919.81;869003069.03;66682072191.4;"2020-04-19T23:59:59.999Z"
"2020-04-06T00:00:00.000Z";"2020-04-12T23:59:59.999Z";"2020-04-07T00:36:00.000Z";"2020-04-10T15:48:04.000Z";"2781";0.0126029307;0.01395157;0.0121408;0.01290186;1058237102.62;860322761.26;66682072191.4;"2020-04-12T23:59:59.999Z"
"2020-03-30T00:00:00.000Z";"2020-04-05T23:59:59.999Z";"2020-04-05T16:09:08.000Z";"2020-03-30T00:10:04.000Z";"2781";0.0107527266;0.0127039545;0.0107104293;0.0126030749;906467477.38;840399150.43;66682072191.4;"2020-04-05T23:59:59.999Z"
"2020-03-23T00:00:00.000Z";"2020-03-29T23:59:59.999Z";"2020-03-27T04:27:04.000Z";"2020-03-23T09:33:07.000Z";"2781";0.0103647362;0.0119930921;0.0102990393;0.0107491988;917907290.62;716778848.83;66682072191.4;"2020-03-29T23:59:59.999Z"
"2020-03-16T00:00:00.000Z";"2020-03-22T23:59:59.999Z";"2020-03-20T11:04:01.000Z";"2020-03-16T11:13:05.000Z";"2781";0.0103305794;0.0126631191;0.00878690947174;0.0103647362;960442295.77;691142087.37;66682072191.4;"2020-03-22T23:59:59.999Z"
"2020-03-09T00:00:00.000Z";"2020-03-15T23:59:59.999Z";"2020-03-10T13:26:02.000Z";"2020-03-13T02:25:01.000Z";"2781";0.0148362159;0.0153110252;0.00751613027921;0.0103443645;1158531782.71;689783659.42;66682072191.4;"2020-03-15T23:59:59.999Z"
"2020-03-02T00:00:00.000Z";"2020-03-08T23:59:59.999Z";"2020-03-06T11:59:02.000Z";"2020-03-08T23:59:03.000Z";"2781";0.016518193;0.018342858;0.0148656985;0.0148656985;1363976467.12;991275581.82;66682072191.4;"2020-03-08T23:59:59.999Z"
"2020-02-24T00:00:00.000Z";"2020-03-01T23:59:59.999Z";"2020-02-24T00:01:04.000Z";"2020-02-26T16:53:02.000Z";"2781";0.0213103633;0.0213132675;0.015976616;0.0164994177;1530951215.46;1100215361.47;66682072191.4;"2020-03-01T23:59:59.999Z"
"2020-02-17T00:00:00.000Z";"2020-02-23T23:59:59.999Z";"2020-02-18T21:20:02.000Z";"2020-02-20T16:43:01.000Z";"2781";0.0224193919;0.0227753468;0.0192645903;0.0213050927;1638283296.85;1420667728.22;66682072191.4;"2020-02-23T23:59:59.999Z"
"2020-02-10T00:00:00.000Z";"2020-02-16T23:59:59.999Z";"2020-02-14T16:46:02.000Z";"2020-02-16T16:56:03.000Z";"2781";0.0220408126;0.026646993;0.0206398667;0.0224636131;1939185864.22;1497920272.92;66682072191.4;"2020-02-16T23:59:59.999Z"
"2020-02-03T00:00:00.000Z";"2020-02-09T23:59:59.999Z";"2020-02-07T08:10:01.000Z";"2020-02-04T13:31:06.000Z";"2781";0.0191248259;0.0234662323;0.0184677521;0.0220335742;1466737553.97;1469244382.69;66682072191.4;"2020-02-09T23:59:59.999Z"
"2020-01-27T00:00:00.000Z";"2020-02-02T23:59:59.999Z";"2020-02-02T12:29:02.000Z";"2020-01-27T00:00:03.000Z";"2781";0.0167974741;0.019840842;0.0167974741;0.0191356372;1482162206.32;1276003942.01;66682072191.4;"2020-02-02T23:59:59.999Z"
"2020-01-20T00:00:00.000Z";"2020-01-26T23:59:59.999Z";"2020-01-22T07:32:05.000Z";"2020-01-24T10:02:02.000Z";"2781";0.016612756;0.017437658;0.0157607531;0.0168035621;1255315356.14;1120496341.46;66682072191.4;"2020-01-26T23:59:59.999Z"
"2020-01-13T00:00:00.000Z";"2020-01-19T23:59:59.999Z";"2020-01-18T15:21:04.000Z";"2020-01-13T15:58:02.000Z";"2781";0.0149747317;0.018093617;0.0145903195;0.0166199698;1309357591.75;1108254027.54;66682072191.4;"2020-01-19T23:59:59.999Z"
"2020-01-06T00:00:00.000Z";"2020-01-12T23:59:59.999Z";"2020-01-12T23:53:02.000Z";"2020-01-06T00:04:03.000Z";"2781";0.0136174341;0.0150039934;0.0136013721;0.0149755107;1151253020.8;998598083.31;66682072191.4;"2020-01-12T23:59:59.999Z"
"2019-12-30T00:00:00.000Z";"2020-01-05T23:59:59.999Z";"2019-12-30T07:37:01.000Z";"2020-01-03T02:08:04.000Z";"2781";0.0137440775;0.0139888374;0.0127722871;0.0136228928;1079591213.9;908402721.81;66682072191.4;"2020-01-05T23:59:59.999Z"
"2019-12-23T00:00:00.000Z";"2019-12-29T23:59:59.999Z";"2019-12-23T04:02:06.000Z";"2019-12-25T16:25:01.000Z";"2781";0.0149176764;0.0152265734;0.0131750897;0.0137434526;1090566659.99;916441896.99;66682072191.4;"2019-12-29T23:59:59.999Z"
"2019-12-16T00:00:00.000Z";"2019-12-22T23:59:59.999Z";"2019-12-22T21:39:01.000Z";"2019-12-18T13:26:01.000Z";"2781";0.0140255493;0.0150145758;0.0123113089;0.0149128788;1319603646.54;994421661.05;66682072191.4;"2019-12-22T23:59:59.999Z"
"2019-12-09T00:00:00.000Z";"2019-12-15T23:59:59.999Z";"2019-12-09T00:23:01.000Z";"2019-12-12T14:57:01.000Z";"2781";0.0147291591;0.014767781;0.0135268069;0.0140282496;1025255094.27;935432753.73;66682072191.4;"2019-12-15T23:59:59.999Z"
"2019-12-02T00:00:00.000Z";"2019-12-08T23:59:59.999Z";"2019-12-02T00:23:03.000Z";"2019-12-04T05:10:02.000Z";"2781";0.0159437039;0.0159924782;0.0142088047;0.0147537868;909202289.13;983813077.75;66682072191.4;"2019-12-08T23:59:59.999Z"
"2019-11-25T00:00:00.000Z";"2019-12-01T23:59:59.999Z";"2019-11-27T19:05:03.000Z";"2019-11-25T05:52:02.000Z";"2781";0.0139227544;0.0163977386;0.0131590191;0.0159503394;1221749577.2;1063601685.2;66682072191.4;"2019-12-01T23:59:59.999Z"
"2019-11-18T00:00:00.000Z";"2019-11-24T23:59:59.999Z";"2019-11-18T01:53:03.000Z";"2019-11-22T14:16:01.000Z";"2781";0.0188882117;0.0189164203;0.0135118894;0.0139303567;1212567751.36;928905052.13;66682072191.4;"2019-11-24T23:59:59.999Z"
"2019-11-11T00:00:00.000Z";"2019-11-17T23:59:59.999Z";"2019-11-14T01:55:04.000Z";"2019-11-17T08:09:03.000Z";"2781";0.0194013958;0.0202526883;0.0184680102;0.0188928219;896891601.94;1259812513.04;66682072191.4;"2019-11-17T23:59:59.999Z"
"2019-11-04T00:00:00.000Z";"2019-11-10T23:59:59.999Z";"2019-11-06T09:26:03.000Z";"2019-11-08T15:50:03.000Z";"2781";0.0196974376;0.0205793672;0.0185172132;0.019402354;1197385478.24;1293789172.93;66682072191.4;"2019-11-10T23:59:59.999Z"
"2019-10-28T00:00:00.000Z";"2019-11-03T23:59:59.999Z";"2019-10-30T01:22:05.000Z";"2019-10-28T00:02:06.000Z";"2781";0.019134433;0.0228182539;0.0191203112;0.0196999862;854200817.26;1313635904.75;66682072191.4;"2019-11-03T23:59:59.999Z"
"2019-10-21T00:00:00.000Z";"2019-10-27T23:59:59.999Z";"2019-10-27T18:58:02.000Z";"2019-10-23T16:09:05.000Z";"2781";0.0155526577;0.0195506314;0.0139144914;0.0191317302;1578939461.96;1275743415;66682072191.4;"2019-10-27T23:59:59.999Z"
"2019-10-14T00:00:00.000Z";"2019-10-20T23:59:59.999Z";"2019-10-15T00:23:04.000Z";"2019-10-17T04:54:02.000Z";"2781";0.016137771;0.0168229297;0.0146889097;0.0155523707;632826319.36;1037064304.5;66682072191.4;"2019-10-20T23:59:59.999Z"
"2019-10-07T00:00:00.000Z";"2019-10-13T23:59:59.999Z";"2019-10-09T14:34:02.000Z";"2019-10-07T00:43:02.000Z";"2781";0.0147687766;0.0172817768;0.0146574356;0.0161366031;622543636.11;1076022132.73;66682072191.4;"2019-10-13T23:59:59.999Z"
"2019-09-30T00:00:00.000Z";"2019-10-06T23:59:59.999Z";"2019-10-06T06:11:02.000Z";"2019-09-30T07:15:01.000Z";"2781";0.0133985475;0.0154316971;0.0130192806;0.0147892773;647870693.94;986179655.13;66682072191.4;"2019-10-06T23:59:59.999Z"
"2019-09-23T00:00:00.000Z";"2019-09-29T23:59:59.999Z";"2019-09-23T15:18:04.000Z";"2019-09-26T16:44:02.000Z";"2781";0.0169242892;0.0171121183;0.0123215632;0.0134020515;523279121.01;893676568.87;66682072191.4;"2019-09-29T23:59:59.999Z"
"2019-09-16T00:00:00.000Z";"2019-09-22T23:59:59.999Z";"2019-09-18T14:43:01.000Z";"2019-09-16T14:08:02.000Z";"2781";0.0155915919;0.018552816;0.0154370669;0.0169205979;652943017.21;1128300529.76;66682072191.4;"2019-09-22T23:59:59.999Z"
"2019-09-09T00:00:00.000Z";"2019-09-15T23:59:59.999Z";"2019-09-10T02:38:05.000Z";"2019-09-12T06:50:03.000Z";"2781";0.0158395522;0.0161533267;0.0145544626;0.015592298;554916296.04;1039726738.83;66682072191.4;"2019-09-15T23:59:59.999Z"
"2019-09-02T00:00:00.000Z";"2019-09-08T23:59:59.999Z";"2019-09-02T20:37:02.000Z";"2019-09-06T20:42:01.000Z";"2781";0.0156078932;0.0161010639;0.0140534134;0.0158404731;565551912.16;1056275571.47;66682072191.4;"2019-09-08T23:59:59.999Z"
"2019-08-26T00:00:00.000Z";"2019-09-01T23:59:59.999Z";"2019-08-26T02:54:02.000Z";"2019-08-29T07:47:01.000Z";"2781";0.0175615558;0.0179606248;0.0151370917;0.0156250794;424372233.76;1041912670.75;66682072191.4;"2019-09-01T23:59:59.999Z"
"2019-08-19T00:00:00.000Z";"2019-08-25T23:59:59.999Z";"2019-08-23T08:17:01.000Z";"2019-08-21T12:54:01.000Z";"2781";0.0178316676;0.0183771659;0.0163707417;0.0175670213;482224129.2;1171405384.61;66682072191.4;"2019-08-25T23:59:59.999Z"
"2019-08-12T00:00:00.000Z";"2019-08-18T23:59:59.999Z";"2019-08-12T14:45:01.000Z";"2019-08-15T06:29:02.000Z";"2781";0.0207124595;0.020999331;0.0165421291;0.0178328548;386511456;1189131713.73;66682072191.4;"2019-08-18T23:59:59.999Z"
"2019-08-05T00:00:00.000Z";"2019-08-11T23:59:59.999Z";"2019-08-05T16:02:07.000Z";"2019-08-09T20:49:06.000Z";"2781";0.0224095991;0.0234990825;0.01953243;0.0207155914;452209004.2;1381358563.18;66682072191.4;"2019-08-11T23:59:59.999Z"
"2019-07-29T00:00:00.000Z";"2019-08-04T23:59:59.999Z";"2019-07-31T14:16:01.000Z";"2019-08-04T05:19:06.000Z";"2781";0.0223267873;0.0227224172;0.0214781181;0.0224150711;410756046.04;1494683390.08;66682072191.4;"2019-08-04T23:59:59.999Z"
"2019-07-22T00:00:00.000Z";"2019-07-28T23:59:59.999Z";"2019-07-22T03:00:02.000Z";"2019-07-28T22:36:02.000Z";"2781";0.0291525239;0.029868252;0.0215754533;0.0223314419;438015796.33;1489106818.58;66682072191.4;"2019-07-28T23:59:59.999Z"
"2019-07-15T00:00:00.000Z";"2019-07-21T23:59:59.999Z";"2019-07-20T22:13:04.000Z";"2019-07-17T11:52:06.000Z";"2781";0.0252997222;0.0307223769;0.0204348067;0.0291587942;579044738.31;1944368817.05;66682072191.4;"2019-07-21T23:59:59.999Z"
"2019-07-08T00:00:00.000Z";"2019-07-14T23:59:59.999Z";"2019-07-08T09:15:06.000Z";"2019-07-14T23:54:08.000Z";"2781";0.0349023864;0.0354099828;0.0251931759;0.0253324518;570381989.25;1689220379.5;66682072191.4;"2019-07-14T23:59:59.999Z"
"2019-07-01T00:00:00.000Z";"2019-07-07T23:59:59.999Z";"2019-07-07T21:09:08.000Z";"2019-07-02T11:41:05.000Z";"2781";0.0318822714;0.0355228188;0.0303451597;0.0349327192;761416388.19;2329386104.44;66682072191.4;"2019-07-07T23:59:59.999Z"
"2019-06-24T00:00:00.000Z";"2019-06-30T23:59:59.999Z";"2019-06-25T05:52:02.000Z";"2019-06-27T17:31:01.000Z";"2781";0.0374121554;0.0402703641;0.0299096705;0.0319393449;956413297.85;2129781704.92;66682072191.4;"2019-06-30T23:59:59.999Z"
"2019-06-17T00:00:00.000Z";"2019-06-23T23:59:59.999Z";"2019-06-23T18:58:01.000Z";"2019-06-18T17:36:02.000Z";"2781";0.0330011088;0.0383530197;0.0323375536;0.0373691983;815907332.34;2491855575.63;66682072191.4;"2019-06-23T23:59:59.999Z"
"2019-06-10T00:00:00.000Z";"2019-06-16T23:59:59.999Z";"2019-06-13T01:04:03.000Z";"2019-06-10T00:37:02.000Z";"2781";0.0301099211;0.0338100191;0.0293833469;0.0330098474;757904532.7;2201165026.89;66682072191.4;"2019-06-16T23:59:59.999Z"
"2019-06-03T00:00:00.000Z";"2019-06-09T23:59:59.999Z";"2019-06-03T16:11:02.000Z";"2019-06-09T22:37:04.000Z";"2781";0.0384123333;0.0390988003;0.0295519376;0.0300860328;717761803.76;2006199008.61;66682072191.4;"2019-06-09T23:59:59.999Z"
"2019-05-27T00:00:00.000Z";"2019-06-02T23:59:59.999Z";"2019-06-02T09:40:02.000Z";"2019-05-30T21:38:03.000Z";"2781";0.0314440623;0.0409751445;0.0303604674;0.0384377913;1371641994.23;2563111571.32;66682072191.4;"2019-06-02T23:59:59.999Z"
"2019-05-20T00:00:00.000Z";"2019-05-26T23:59:59.999Z";"2019-05-26T21:55:01.000Z";"2019-05-23T09:34:01.000Z";"2781";0.0292558085;0.0319538712;0.0260771705;0.0314295618;1145964555.89;2095788311.21;66682072191.4;"2019-05-26T23:59:59.999Z"
"2019-05-13T00:00:00.000Z";"2019-05-19T23:59:59.999Z";"2019-05-16T02:52:05.000Z";"2019-05-13T00:18:01.000Z";"2781";0.0237539541;0.033279744;0.0236734079;0.0292771559;742466998.87;1952261420.53;66682072191.4;"2019-05-19T23:59:59.999Z"
"2019-05-06T00:00:00.000Z";"2019-05-12T23:59:59.999Z";"2019-05-11T23:36:03.000Z";"2019-05-10T04:08:02.000Z";"2781";0.0234243877;0.0264343284;0.0224043705;0.0237539541;833444362.15;1583962885.27;66682072191.4;"2019-05-12T23:59:59.999Z"
"2019-04-29T00:00:00.000Z";"2019-05-05T23:59:59.999Z";"2019-05-04T02:49:02.000Z";"2019-04-29T13:57:02.000Z";"2781";0.0236054744;0.0246512793;0.0225654429;0.0234214423;661532212.13;1561790308.15;66682072191.4;"2019-05-05T23:59:59.999Z"
"2019-04-22T00:00:00.000Z";"2019-04-28T23:59:59.999Z";"2019-04-22T10:09:02.000Z";"2019-04-26T00:28:03.000Z";"2781";0.0250029598;0.0254429768;0.0224738144;0.0235920743;585265493.12;1573168401.78;66682072191.4;"2019-04-28T23:59:59.999Z"
"2019-04-15T00:00:00.000Z";"2019-04-21T23:59:59.999Z";"2019-04-15T09:14:07.000Z";"2019-04-21T12:35:03.000Z";"2781";0.027061782;0.0275939953;0.0244138046;0.0249853621;369120035.34;1666075718.6;66682072191.4;"2019-04-21T23:59:59.999Z"
"2019-04-08T00:00:00.000Z";"2019-04-14T23:59:59.999Z";"2019-04-08T15:00:01.000Z";"2019-04-12T01:50:04.000Z";"2781";0.0289127125;0.0317201192;0.025576075;0.027061782;318773006.99;1804535699.28;66682072191.4;"2019-04-14T23:59:59.999Z"
"2019-04-01T00:00:00.000Z";"2019-04-07T23:59:59.999Z";"2019-04-07T07:09:03.000Z";"2019-04-01T00:31:05.000Z";"2781";0.0235073102;0.0294625653;0.0233995585;0.0288946129;552496052.55;1926752662.37;66682072191.4;"2019-04-07T23:59:59.999Z"
"2019-03-25T00:00:00.000Z";"2019-03-31T23:59:59.999Z";"2019-03-30T05:30:02.000Z";"2019-03-26T13:03:03.000Z";"2781";0.0234042724;0.024287051;0.0221692961;0.023523416;190106148.22;1568590126.55;66682072191.4;"2019-03-31T23:59:59.999Z"
"2019-03-18T00:00:00.000Z";"2019-03-24T23:59:59.999Z";"2019-03-24T00:09:01.000Z";"2019-03-21T19:21:02.000Z";"2781";0.0231613555;0.0245294603;0.0222805109;0.0233659479;270254346.28;1558089825.14;66682072191.4;"2019-03-24T23:59:59.999Z"
"2019-03-11T00:00:00.000Z";"2019-03-17T23:59:59.999Z";"2019-03-16T11:18:03.000Z";"2019-03-12T04:32:02.000Z";"2781";0.0228920265;0.023650739;0.0218561891;0.0231397065;155662771.53;1543003579.17;66682072191.4;"2019-03-17T23:59:59.999Z"
"2019-03-04T00:00:00.000Z";"2019-03-10T23:59:59.999Z";"2019-03-05T18:47:01.000Z";"2019-03-04T10:37:02.000Z";"2781";0.0226739869;0.0240466747;0.0210430881;0.0230707481;148100618.52;1538405288.61;66682072191.4;"2019-03-10T23:59:59.999Z"
"2019-02-25T00:00:00.000Z";"2019-03-03T23:59:59.999Z";"2019-02-26T11:04:03.000Z";"2019-03-02T17:48:03.000Z";"2781";0.0237144142;0.0246802239;0.0225142851;0.0227227335;114553316.06;1515198953.4;66682072191.4;"2019-03-03T23:59:59.999Z"
"2019-02-18T00:00:00.000Z";"2019-02-24T23:59:59.999Z";"2019-02-24T07:50:07.000Z";"2019-02-24T16:43:05.000Z";"2781";0.0238334366;0.0271832602;0.0228047186;0.023808939;352101653.76;1587629390.49;66682072191.4;"2019-02-24T23:59:59.999Z"
"2019-02-11T00:00:00.000Z";"2019-02-17T23:59:59.999Z";"2019-02-11T07:46:01.000Z";"2019-02-14T12:42:01.000Z";"2781";0.0258310053;0.0261133163;0.0234239747;0.023817924;129569495.2;1588228526.74;66682072191.4;"2019-02-17T23:59:59.999Z"
"2019-02-04T00:00:00.000Z";"2019-02-10T23:59:59.999Z";"2019-02-04T09:05:01.000Z";"2019-02-10T08:54:03.000Z";"2781";0.0254773587;0.0286430898;0.0251334133;0.0258135339;217842435.92;1721025028.59;66671422605.68;"2019-02-10T23:59:59.999Z"
"2019-01-28T00:00:00.000Z";"2019-02-03T23:59:59.999Z";"2019-01-28T00:01:04.000Z";"2019-02-01T02:08:02.000Z";"2781";0.0292480628;0.0292538965;0.0242840761;0.0254416794;174803441.01;1696159965.92;66668553479.69;"2019-02-03T23:59:59.999Z"
"2019-01-21T00:00:00.000Z";"2019-01-27T23:59:59.999Z";"2019-01-27T09:01:02.000Z";"2019-01-21T08:48:02.000Z";"2781";0.0238618111;0.0306868848;0.0237028731;0.0292822555;395857212.87;1951984410.96;66660999285.94;"2019-01-27T23:59:59.999Z"
"2019-01-14T00:00:00.000Z";"2019-01-20T23:59:59.999Z";"2019-01-15T00:17:07.000Z";"2019-01-14T00:31:12.000Z";"2781";0.0213041956;0.0264893047;0.021150977;0.0238700373;130983395.35;1591020869.79;66653472406.82;"2019-01-20T23:59:59.999Z"
"2019-01-07T00:00:00.000Z";"2019-01-13T23:59:59.999Z";"2019-01-10T05:21:08.000Z";"2019-01-13T21:22:09.000Z";"2781";0.0230536883;0.0342249469;0.0210795252;0.0212895512;170493613.49;1418916137.77;66648475826.66;"2019-01-13T23:59:59.999Z"
"2018-12-31T00:00:00.000Z";"2019-01-06T23:59:59.999Z";"2019-01-06T18:09:11.000Z";"2019-01-01T02:46:11.000Z";"2781";0.0199731029;0.0235992155;0.0187464562;0.0230045989;151845151.58;1533052180.5;66641117514.59;"2019-01-06T23:59:59.999Z"